Year,SiteN,PlotN,NumFires11to14,ShrubCov,ACERUB,ALEFAR,ALNSER,AMEOBO,ANDGER,ANDGLO,ANDGYR,ANDSP,ARISTR,AROARB,ARUTEC,ASCRUB,BAPTIN,CARBEL,CARSP,CARTOM,CENVIR,CHALAX,CHATHY,CHATOM,CHRMAR,CIRREP,CLEALN,CLIMAR,COMERE,CORMAJ,CORVER,CTEARO,CUTGRA,CYRRAC,DICACU,DICLUC,DICSP,DIOTER,DIOVIL,DIOVIR,DOESER,ELENUD,EUBRAC,EUPALB,EUPCOM,EUPCUR,EUPIPE,EUPLEU,EUPPIL,EUPPUB,EUPROT,FOTGAR,GALREG,GAYDUM,GAYFRO,HEXMIN,HYPHYP,ILECOR,ILEGLA,ILEOPA,IPOPAN,IRIVER,KALCUN,LACGRA,LESCAP,LESHIR,LIACOK,LIQSTY,LIRTUL,LYOLIG,LYOLUC,LYOMAR,LYSQUA,MAGVIR,MORCAR,MORCER,NYSSYL,ORBPED,OSMCIN,OSMREG,OXYARB,PARQUI,PERPAL,PINPAL,PINSER,PITASP,POLBIF,POLLUT,PTEAQU,QUEINC,QUELAE,QUEMARG,QUEMARI,QUENIG,RHEALI,RHEMAR,RHEPET,RHOATL,RHUCOP,ROBNAN,RUBSP,SASALB,SCHSCO,SCLTRI,SERAST,SERLIN,SERTOR,SMIGLA,SMILAU,SMIPSE,SMIROT,SOLODO,SORELL,SORNUT,STYBIF,SYMTIN,SYMWAL,TEPVIR,TOXPUB,TOXRAD,TOXVER,TRAURE,UVUPUB,VACCRA,VACFOR,VACFUS,VACSTA,VACTEN,VERACA,VERANG,VIBNUD,VIOPED,VITROT,WOOARE,WOOVIR,XYRSP,ZIGGLA
2011,1,1,2,86,0,0,0,0,0,0,0,0,35,0,0,0,2,0,0,0,0,0,0,0,0,0,13,0,0,0,0,0,0,0,0,0,0,0,0,0,0,0,0,0,0,0,0,0,0,0,0,0,0,14,0,0,0,0,11,0,0,0,0,0,0,0,0,0,0,0,0,19,0,0,0,0,0,0,0,0,0,0,0,0.2,0,0,0,0,0,0,0,0,0,0,0.5,0,0,4,0,0,0,0,0,0,0,0,0,0,0,0,0,0,0,0,0,0,0,0,0,0,0,0,0,0,0,0,0,29,0,0,0,0,0,0,0,0.1,0
2011,1,2,2,215.7,0.5,0,0,0,0,0,0.1,0.2,4.5,0,0,0,0,0,0,0,0,0,0,0,0,0,46,0,0,0,0,0,0,0,0,0,0,0,0,0,0,0,3,0,0,0,0,0,3,0,0,0,0,0.2,62,0,0,0,71,0,0,0.2,0,0,0,0,0,0,0,10,0,6,0,0,0,0,0,0,0,0,95,0,0,0,0,0,0,0,0,0,0,0,0,0,0,0,0,0,0,0,0,0,0,0,0,0,0,0,0,0,0,0,0,0,0,0,0,0,0,0,0,0,0,0.5,3,0,0,14,0,0,0,0,0,0,2,0.2,0
2011,1,3,2,121.7,0,0,0,5.5,0,0,0,0,0,1.2,0,0,0,0,0,0,0,0,0,0,0,0,20,0,0,0,0,0,0,0,0,0,0,0,0,0,0,1,0,0,0,0,0,0,0,0,0,0,0,0,8.5,4.5,0,5,31,0,0,0,0,0.1,0,0,0,0,0,0,11,0,0,0,0,0,0,0,65,0,97,0,7,0,0,0,0,0,3,0,0,0,0,0,0,0,0,2,0,0,0,0,0,0,0,0,0,0.5,0,0,0,0,0,0,0,45,0,0,0,0,0,0,0,0,0,0,0,0,0,0,0,0,0,0,0,0,0
2011,3,1,2,48.5,0,0,0,0,0,0,0,0.5,2,0,0,0,0,0,0,0,0,0,0,0,0,0,47,12,0,7,0,0,0,0,0.1,0,0,0,0,36,0,0,0,2.5,0,0,0,0,1.1,0,0.5,0,0,1.5,0,0,0,0,0,0,0,0.1,0,0,0,0,0,0,0,0,0,0,0,0,0,0,0,0,0,0,0,0,0,0.2,0,0,0,0,0,0,60,237,50,0,0,0,0,5,22,0,0,0,0,0,0,0,0.1,0,0,0,0,5,0,0,0,0,0,13.5,24,0,0,0.2,0,0,0,0,0,0,0,0,0,0,0,0,0,0,0
2011,3,2,2,122,0,0,0,0,0,0,0,1,24,0,0,0,2,0,0,0,0,0,0,0,0,0,116,5,0,0,6,0,0,0,0.5,0,0,0,0,25,0,0,0,0.5,0,0,0,0,0,0,0.5,0,0,5.5,0,0,0,0,0,0,0,0.1,0,0,0,0,0,0,0,0,0,0,0,0,0,0,0,0,0,0,0,0,0,0,0,0,0,0,0,0,2,0,70,0,0,0,0,0,0,0,0,0,0,0,0,0,0,0,0,0,0,3,0,0,0,0,0.6,9,30,0,0,1.1,0,0,0,0,0,0.5,0,0,0,0,0,0,0,0,0
2011,3,3,2,231.5,0,0,0,0,0,0,0,0.5,8,0.5,0,0,0,0,0,0,0,0,0,0,0,0,33,0,0,0,0,0,0,0,0,0,0,0,0,0,0,0,0,0,0,0,0,0,0,0,0,0,0,23,104,0,0,0,35,0,0,1,1,0,0,0,0,0,0,0,0,26,0,16,8,0,0,0,0,0,0,0,0,0,0,0,0,0,2.1,0,0,0,20,0,0,0,0,6,2,0,0,0,0,0,0,0,0,0,0,0,0,0,0,0,0,0,0,0,0,0,0,0,0,0,1,0,0,9,0,0,0,0,0,0,0,0,0
2011,4,1,2,60.1,0,0,0,0,0,0,0,0,28,0,0,0,0,0,0,0,0,0,0,0,0,0,0,0,0,0,0.5,0,0,0,0,0,0,0,0,35,0,0,0,0,0,0.2,0,0,0,0,0,0,0,6,0,0,0,0,0,0,0,0,0,0,0,0,0,0,0,0,0,35,0,0,0,0,0,0,0,0,0,0,0,0.5,0,0,0,0,7,0,0,0,0,0,0,0,0,0,6,0,0,0,0,0,0,3,0,0,0,0,0,1.5,0,0,0,0,0,3,0,0,0,0,0,0.1,0,0,0,19,0,0,0,0,0,0,0,0.1,0
2011,4,2,2,283.5,0.2,0,0,0,0,0,3,0,0,3.5,2.5,0,0,0,0,0,0,1.1,0,0,0,0,32,0,0,0,0,0,0,0,0,0,1,0,0,0,0,0,0,0.1,0,0,0,0,0,0,0.1,0,0,0,148,0,0,0,90,0,0,1.1,0,0,0,0,0,0,0,0,8,0,0,12,0,0,0,0,5,0,0,0,20,0,0,0,0,0.1,4,0,0,0,0,0,0.5,0,0.1,3.1,0,0,0,5,0,0,0,0,0,0.5,0,0,0,0,0,0,0,0,0,0,0,0,0,0,0,0,1,0,0,1,0,0,0,0,0,0,0,0.1,23
2011,4,3,2,337,0,0,0,0,0,1,0,0,0,0,0.5,0,0,0,0,0,0,0.5,0,0,0,0,180,0,0,0,0,0,0,0,0,0,2.1,0,0,0,0,0,5,0,0,0,0,0,0,0,0,0,0,0,30,0.1,0,0,12,0,0,0,0,0,0,0,0,0,0,5,92,0,0,0,0,0,0,0,22,0,0,0,51,0.5,0,0,0,0,11,0,0,0,0,0.5,0,0,0,1.5,0,0,0.5,0,0,0,0,0,0,13,0,0,0,0,0,0,0,10,0,0,0,0,0,0,0,0,1,0,0,2,0,0,0,0,0,0,0,0,0
2011,5,1,4,4.5,0,0,0,0,0,0,0,0,24,0,0,0,3,0,0,0,0,0,0,0,0,0,0,0,0,0,0,0,0.1,0,2.5,0,0,0,0,5,0,0,0,0,0,0,0,0,0,0,0,0,0,0.5,0,0,0.5,0,0,0,0,0,0,0,0,0,0,0,0,0,0,0,0,0,0,0,0,0,0,0,0,0,0,0,0,0,0,0,98,0,0,2,0,0,0,0,0,0,5.5,0,0,9,1,0,0,0,0,0,0,0,0,1,0,0,0,0,0,2,10,0,0,0.5,0,0,0,0,0,4,0,0,0,0,0,0,0,0,0
2011,5,2,4,104.2,0,0,0,0,0,0,0,0.1,6,0,0,0,0,0,0,0,0,0,0,0,0,0,0,0,0,0,0,0,0,0,0,0,0,0,0,0,0,0,0,0,0,1,0,0,0,0,0,0,0.1,0.2,93,0,0,0,0,0,0,0,0,0,0,0,0.5,0,0,0,0,0,0,0,0,0,0,0,0,0,0,0,0,0,0,0,0,0,82,0,0,7,0,0,0,0,0,0,0,0,0,0,0,0,0,0,0,0,0,0,0,0,0,0,0,0,0,12,0,0,0,0,0,0,0,0,0,11,0,0,0,0,0,0,0,0,0
2011,5,3,4,115.6,0.1,0,0,0,0,0,0,1,0,0.5,0,0,0,0,0,0,0,0.6,0,0,0,0,25,0,0,0,0,0,0,0,0,0,0.2,0,0,2,0,0,0,0,0,0,0,0,0,0,0,0,0,0.1,22,0,0,0,55,0,0,1.2,0,0,0,0,0,0,0,0,6,7,0,0,0,0,0,0,6.5,0,170,0,8,0,0,0,0,0,19,0,0,0,0,0,0.5,0,0,0.1,3,0,0,0,0,0,0,0,0,0.6,0.7,0,0,0,0,0,0,0,0,0,0,0,0,0,0,0,0,0,0,0,0,0,0,0,0,0,0,0.1,0
2011,5,4,4,270,4.5,0,0,0,0,0,0,0,0,2,13,0,0,0,0,0,0,0,0,0,0,0,13,0,0,0,0,0,0,0,0,0,0,0,0,0,0,0,0,0,0,0,0,0,0,0,0,0,0,0,10,0,0,0,110,0,0,0,0,0,0,0,0,0,0,0,125,0,0,0,0,0,0,0,20,0,0,0,19,0,0,0,0,0,0,0,0,0,0,0,0,0,0,0,0,0,0,0,0,0,0,0,0,0,2.5,0,0,0,0,0,0,0,0,0,0,0,0,0,0,0,10,0,0,0,0,0,0,0,0,0,0,0,0
2011,6,1,0,94,0,0,0,0,0,0,0,1,82,0,0,0,0,0,0,0,0,0,0,0,0,0,0,0,0,0,0,0,0,0,3.6,0,0,0,0,0,0,0,0,0,5,0,0,0,0,0,0.1,0,0,2,23,0,0,0,0,0,0,0,0,0,0,0,0,0,0,0,0,0,0,0,0,0,0,0,0,0,0,0,0,5.1,0,0,0,0,0,0,0,0,0,0,0,0,0,0,0,0,0,0,0,0,0.5,0,0,0,0,0,0,0,0,0,0,0,0.5,4.1,0,0,0,0,0,0,0,0,0,69,0,0,0,0,0,0,0,0,0
2011,6,2,0,195,0,0,0,0,0,0,0,2,12.1,0,28,0,0,0,0,0,0,1.1,0,0,0,0,0,0,0,0,0,0,0,0,0,0,0,0,0,0,0,0,0,0,0,0.1,0,0,0,0,1,0,0,8,53,0,0,0,65,0,0,0,0,0,0,0.6,0,0,0,0,0,0,0,0,0,0,0,0,0,0,0,0,0,26.5,0,0,0,0,0,0,0,0,0,0,0,0,0,0,1,0,0,0,0,0,0,0,0,2,0,0,0,0.1,0,0,0,0,0,14.5,0,0,0,0,0,0,0,0,0,69,0,0,0,0,0,0,0,0,0
2011,6,3,0,60.5,1.6,0,0,0,0,0,0,2.5,36,0,12,0,0,0,0,0,0,0.5,0,0,0,0,15,0,0,0,0,0,0,0,0.1,0,0.8,0,0,0,0,0,0,0,0,0,0,0,0.5,0,0,0,0,0,2.5,0,0,0,0,0,0,2.1,0,0,3,0,0,0,0,0,0,0,0,0,0,0,0,0,0,0,0,0,0,6.1,0,0,0,0,0,0,0,0,0,0,2,0,0,0,3,0,3,0,0,0,0,0,0,0,0,0,0,2.5,0,0,0,0,0,1,0,0,0,0,0,24.5,0,0,0,18.5,0,0,0,0,0,0,0,0,0
2011,7,1,4,86,0,0,0,0,0,0,0,0,13,0,0,0,0,0,0,0,0,0,0,0,0,0,4,0,0,11,0,0,0,0,2,0,0.6,0.8,0,0,0,0,1,0,0,0,0,0,3,0,11.5,0,0,0,0,0,0,0,53,0,0,1,0,0,0,0,0,0,0,0,0,26,2.6,0,0,0,0,0,0,0,0,0,0,0,0,0,0,0,0,0,0,0,5,0,0,0,0,0,0,0,4,0,0,0,0,0,0,1,0,0,0,1,0,3,0,0,0,0,0,0,0,0,0,0,0,0,0,2,1,0,0,0,0,0,0,0,0
2011,7,2,4,219.5,0,0,0,0,0,0,0,0,6,0,0,0,0,0,0,0,0,0,0,0,0,0,12.5,0,0,0,0,0,0,0,0,0,0,1.7,0,2.5,0,0,0,0,0,0,0,0,0,0,5,0,0,0,135,0,0,0,35,0,0,0,0,0,0,0,0,0,0,0,0,31,0,0,0,0,0,0,0,0,0,0,3,0,0,0,0,0,0,0,0,0,0,0,0,0,0,0,0,0,0,0,0,0,0,0,0,3,0,0,0,0,0,0,0,0,0,0.1,0,0,0,0,0,0,6,0,0,0,0,0,0,0,0,0,0,0,0
2011,7,3,4,174,1,0,0,0,0,1,0,0,0,0,0,0,0,0,0,0,0,0,0,0,0,0,20,0,0,0,0,0,0,0,0,0,0.5,0,0,0,0,0,0,0,0,0,0,0,0.5,0,0,0,0,0,73,0,0,0,71,0,0,0,0,0,0,0,0,0,0,0,0,3,0,0,0,0,0,0,0,0,0,0,9,0,0,0,0,0,0,0,0,0,0,0,13.5,0,0,0,0,0,0,0,0,0,0,0,0,2.5,0,0,0,0,0,0,0,3,0,0,0,0,0,0,0,0,4,0,0,0,0,0,0,0,0,0,0,0,0
2011,8,1,2,20.5,0,0,0,0,0,1,0,0,14,4.5,6.5,0,0,0,0,0,0,0,0,0,0,0,3,0,0,0,0,0,0,0,0,0,0,0,0,0,0,0,0,0,0,0,0,0,0,0,0.5,0,0,0,1,0,0,0,12,0,0,0,0,0,0,0,0,0,0,0,0,0,0,0,0,0,0,0,0,0,0,0,0,3,0.2,0,0,0,8,2,0,0,3,0,0,0,0,0,0,0,0,0,0,0,0,0,0,0,0,0,0,1,0,0,0,0,0,0,0,0,0,0,0,0,0,0,0,0,1,0,0,0,0,0,0,0,0
2011,8,2,2,78,0,0,0,0,0,5,0,0,19,0,60,0,0,0,0,0,0,0,0,0,0,0,24,0,0,0,0,0,0,0,2,0,2,0,0,0,0,0,7,0,0,0,0,0,0,0,0,0,0,2,16,0,0,0,0,0,0,0,0,0,0,0,0,0,0,5,0,0,0,0,0,0,0,0,0,0,0,0,0,26,0,0,0,0,4,0,0,0,0,0,0,0,0,2,0.6,0,0,0,0,0,0,0,0,0,0,0,0,3.1,0,0,0,0,0,0,0,0,0,0,0,0,0,21,0,3,0,0,0,0,0,0,0,0,0
2011,8,3,2,49.5,0,0,0,2,0,7,0,0,0.5,0.5,50,0,0,0,0,0,0,46,0,0,0,0,34,0,0,0,0,0,0,0,0,0,3,0,0,0,0,0,0,0,0,0,0,0.5,1.1,0,0,0,0,0,3,0,0,0,4,0,0,0,0,0,0,0,0,0,0,0,4,0,0,0,0,0,0,0,9,0,0,0,25,2.5,1,0,0,0,0,0,0,0,0,0,0,0,0,0,0,0,0,0,0,0,0,0,0,0,0,0,0,0,0,0,0,0,0,0,0,0,0,0,0,0,4,0,0,0,0,0,0,0,0,0,0,0,0
2011,9,2,1,12.1,0,0,0,0,0,0,0,0,0,0,0,0,0,0,0,0,0,0,0,0,0,0,2,3,0,0,0,0,0,0,0,0,10,0,0,0,0,0,0,0,0,0,0,0,0,0,0,0,0,0,0,0,0,0,0,0,0,0.1,0,0,0,0,0,0,0,0,0,10,0,0,0,0,0,0,0,0,0,0,0,0,0,0,0,0,0,0,50,14,0,0,0,0,0,0,0,0,0,0,0,0,0,0,0,0,0,0,0,0,0,0,0,0,0,4,30,0,0,0,0,0,0,0,0,0.1,0,0,0,0,0,0,0,0,0
2011,9,3,1,139,0,0,0,0,0,0,0,4,7,0,19,0,0,0,0,0,0,0.5,0,0,0,0,15,0,0,0,0,0,0,0,0,0,0,0,0,0,0,0,0,0,0,0,0,0,0.5,0,0,0,0,9,62,0,0,0,0,0,0,1.2,0,0,0,0,0,0,0,0,0,9,0,0,0,0,0,0,0,0,0,0,0,0,0,0,0,0,0,0,0,0,0,0,0,0,0,0,0,0,0,0,0,0,0,0,0,0,0,0,0,0,0,0,0,0,0,0,0,0,0,0,0,0,0,4,0,40,0,0,0,0,0,0,0,0.2,0
2011,10,1,1,73,0.1,0,0,0,0,0,0,7,14,0,0,0,0,0,0,0,0,0,0,0,0,0,35,0,0,0,0,0,0,0,7.5,0,0,0,0,0,0,0,0,0,0,0,0,0,4.2,0,0,0,0,1,15,0,0,0,0,0,0,0.5,0,0,0,0,0,0,0,0,0,0,0,0,0,0,0,0,0,0,0,0,0,1.1,0,0,0,0,0,0,0,0,39,0,0,0,0,0,4,0,0,0,0,0,0,0,0,0,0,0,0,2,0,0,0,0,1,11,0,0,0,0,0,0,2,0,0,20,0,0,0,0,0,0,0,0,0
2011,10,2,1,119.5,0,0,0,0,60,0,0,0,6.5,0,0,0,0,0,0,0,0,0,0,0,0,0,63,0,0,0,0,0,0,0,0.1,0,0,0,0,23,0,0,0,0,0,0,0,0,1,0,0,0,0,0,22.5,0,0,0,27,0,0,0.5,0,0,0,0,0,0,0,0,0,0,0,0,0,0,0,0,0,0,0,0,0,1,0.1,0,0,0,19,0,0,0,5,0,0,0,0,0,11,0,0.5,0,0,0,0,0,0,0,0,0,0,1,0,0,0,0,0,18.1,2,0,0,0,0,0,0,0,0,7,0,0,0,0,0,0,0,0,0
2011,10,3,1,212,0.1,0,0,0,0,0,0,0,5,0,0,0,0,0,0,0,0,0,0,0,0,0,170,0,0,0,0,0,0,0,1.6,0,0,0,0,62,0,0,0,0,0,0.6,0,0,0,0,0,0,0,0,19,0,0,0,0,0,0,0,0,0,0,0,0,0,0,0,0,16,0,0,0,0,0,0,0,0,0,0,0,0.1,0,0,0,0,0,0,0,0,34,0,0,0,0,0,19,0,0,0,0.5,0,0,0,0,0,0,0,0,5,0,1,0,0,0,2,0,0,0,1,0,0,2,0,0,5,0,0,0,0,0,0,0,0,0
2011,10,4,1,56.5,4.2,0,0,0,0,0,0,4.5,6.1,0,0,0,0,0,0,0,0,0,0,0,0,0,23,0,0,0,0,0,0,0,0.2,17.1,0,0,0,0,0,0,0,0.6,0,0,0,0,0.8,0,2.1,0,0,0.5,14,0,0,0,12,0,0,0.5,0,0,0,0,0,0,0,0,0,0,0,0,0,0,0,0,8,0,3.1,0,5,0,0.5,0,0,0.2,14,0,0,0,0,0,0.5,0,1.1,3.1,0,0,0,0,0,0,0,0,0,0,0,0,0,0,0,0,0,0,0,0,0,0,0,0,0,0,4,0,0,3,0,0,0,0,0,0,0,0,0
2011,11,1,2,26,0.1,0,0,0,0,0,0,1,31,0,0,0,0,0,0,0,0,0,0,0,0,0,0,0,0,0,0,0,0,0,1,0,0.7,0,0,0,0,0,0,3.5,0,0,0,0,0,0,0.1,0,0.5,9,0,0,0,0,0,0,0,2,0,0,0,0,0,0,0,0,0,0,0,0,0,0,0,0,0,0,0,0,0,0.5,0,0,0,0,0,0,0,0,30,0,0,0,0,0,21,0,5.5,0,0,0,0,0,1.5,0,0,0,0,6.5,0,0,0,0,0,12,0,0,0,0,0,0,0,0,0,17,0,0,0,0,0,0,0,0,0
2011,11,2,2,320.2,0,0,0,0,0,0,0,0,0.5,0,10,0,0,0,0,0,0,0,0,0,0,0,20,0,0,0,0,0,0,0,0,0,0,0,0,0,0,0,0,0,0,0,0,0,0,0,0,0,0,0.1,117,0,0,0,180,0,0,0,0,0,0,0,0,0,0,0,0,0,0,0,0,0,0,0,0,0,0,0,0,0,0,0,0,0,0,0,0,0,0,0,0,0,0,0,0,0,0,0,0,0,0,0,0,0,0,0,0,0,0,0,0,0,0,0,0,0,0,0,0,0,0,0,0,3.1,0,0,0,0,0,0,0,0,0
2011,11,3,2,209,0,0,0,0,0,0,0,0,0,0,32,0,0,0,0,0,0,0,0,0,0,0,8,0,0,0,0,0,0,0,0,0,0,0,0,0,0,0,0,0,0,0,0,0,0,0,1,0,0,0,88,0,0,0,113,0,0,0,0,0,0,0,0,0,0,0,0,0,0,0,0,0,0,0,0,0,0,0,0,0,0,0,0,0,0,0,0,0,0,0,1,0,0,0,0,0,0,0,0,0,0,0,0,0,0,0,0,0,0,0,0,0,0,0,0,0,0,0,0,0,0,0,0,0,0,0,0,0,0,0,0,0,0
2011,12,1,2,32.1,0,0,0,0,0,0,0,0.6,34,0,0,0,0,0,0,0,0,0,0,0,4,0,0.1,0,0,0,0,0,0,0,0.6,0.1,0.2,0,0,0,0,0,0,0,0,0,0,0,0,0,0,0,0,7,1,0,0,0,0,0,0,0,0,0,0,0,0,0,0,0,0,0,0,0,0,0,0,0,0,0,0,0,0,5,0.1,0,0,0,3,0,0,0,0,0,0,0,0.1,0,0,0,0,0,0,0,0,0,0,2.5,0,0,0,0.7,0,0,0,0,0,26,0,0,0,0,0,0,0,0,0,24,0,0,0,0,0,0,0,0,0
2011,12,2,2,60.2,1.2,0,0,0,0,0,0,2.5,0,0,49,0,0,0,0,0,0,0,0,0,0,0,12,0,0,0,0,0,0,0,2,0,0,0,0,0,0,0,0,0,0,0.5,0,0.5,0,0,1.5,0,0,0,32,0,0,0,16,0,0,0,0,0,0,0.1,0,0,0,0,0,0,0,0,0,0,0,0,0,0,0,0,0,5,0,0,0,0,0,0,0,0,3,0,0,0,0,1,0,0,0,0,0,0,0,0,0,0.5,0,0,0,4,0,0,0,0,0,0,0,0,0,0,0,0,0,0,0,0.2,0,0,0,0,0,0,0,0,0
2011,12,3,2,71,1.6,0,0,0,0,0,0,0,0,1,70,0,0,0,0,0,0,0,0,0,0,0,42,0,0,0,0,0,0,0,0,0,0,0,0,4,0,0,0,0,0,0,0,0,0,0,0,0,0,0,6,0,0,6,12,0,0,0,0,0,0,0,0,0,0,0,0,0,0,0,10,0,0,0,100,0,0,0,0,0,0,0,0,0,0,0,0,0,0,0,0,0,0,0,0,0,0,0,0,0,0,0,0,0,0,0,0,0,0,0,0,0,0,0,0,0,0,0,0,0,0,4,0,0,0,0,0,0,0,5,0,0,0
2011,14,1,1,36,0,0,0,0,0,0,0,0,27,0,0,0,0,0,0,0,0,0,0,0,0,0,0,0,0,0,0,0,0,0,0.5,0,0,0,0,0,0,0,0,0,0,0.2,0,0,0,0,0,0,0.1,28,0,0,0,0,0,0,0,0,0,0,0,0,0,0,0,0,0,0,0,0,0,0,0,0,0,0,0,0,0,4.2,0,0,0,0,0,0,9,0,0,0,0,0,0,0,0,0,0,12.1,0,0,0,0,0,0,0,0,0,0,0,0,0,0,0,12,5,0,0,0.7,0,0,0,0,0,8,0,0,0,0,0,0,0,0,0
2011,14,2,1,186,0,0,0,0,0,0,0,0,10,0,0,0,0,0,0,0,0,0,0,0,0,0,111,0,0,0,2,0,0,0,0,0,0,0,0,0,0,0,0,0,0,0,0,0,0,0,1.1,0,0,45,8,0,3,0,12,0,0,3.1,0,0,0,0,0,0,0,0,0,0,0,0,0,0,0,0,0,0,0,0,0,4.6,0,0,0,0,0,0,0,0,4,0,0,0,0,0,0,0,0,2,0,0,0,0,0,0,0,0,0,0,0,0,0,0,0,8,0,0,0,0,0,0,0,0,0,10,0,0,0,0,0,0,0,0,0
2011,14,3,1,280.6,1.2,0,0,0.5,0,0,0,0,0,1,0,0,0,0,0,0,0,0,0,0,0,0,45.5,0,0,0,0,0,0,0,0,0,0,0,0,0,0,0,0,0,0,0,0,0,0,0,0,0,0,0,67,1.2,0,0,82,0,0,0,0,0,0,0,0,0,0,3,8,0,0,0,2,0,0,0,56,0,95,0,0,0,0,0,0,0,0,0,0,0,0,0,0,0,0,7,0,0,0,0,0,0,0,0,0,0.2,0.1,0,0,0,0,0,0,0,0,0,0,0,0,0,4.1,0,74,0,0,0.1,0,0,0,0,0,0,0,0,0
2011,16,1,4,4,0,0,0,0,0,0,0,0,16,0,0,0,0,0,0,0,6,0,0,0,0,0,0,0,0,0,0,0,0,0,1,0,0,0,0,0,0,0,0,1.5,0,3.2,0,0,0,0,0,0,0,4,0,0,0,0,0,0,0,0,0,0,0,0,0,0,0,0,0,0,0,0,0,0,0,0,0,0,0,0,0,0,0,0,0,0,0,35,0,0,0,0,0,0,0,0,0.5,17,0,0,0,0,2.5,0,0,0,0,0,0,2.5,0,0,0,0,0,10,3.1,0,0,0,0,0,0,0,0,0,0,0,0,0,0,0,0,0,0
2011,16,2,4,84.1,0,0,0,0,0,0,0,0,18,0,2,0,0,0,0,0,0,0,0,0,0,0,0.1,0,0,0,0,0,0,0,0,0,0,0,0,0,0,0,0,0,0,1,0,0,0,0,0,0,0,0,0,0,0,2,82,0,0,0,0,0,0,0,0,0,0,0,0,0,0,0,0,0,0,0,0,0,0,0,0,0,0,0,0,0,31,0,0,3,0,0,1,0,0,0,2,0,0,0,0,0,0,0,0,0,0,0,0,0,0,0,0,0,0,1,0,0,0,0,0,0,0,0,0,0,0,0,0,0,0,0,0,0,0
2011,16,3,4,65,0,0,0,0,0,1,0,0,5.1,0,16,0,0,2,0,0,0,0.5,0,0,0,0,2,0,0,0,0,6.5,0,0,1,1,0.5,0,0,0,0,0,0,0,0,0,0,0,1.6,0,0,0,0,3,0,0,0,8,52,0,0,0,0,0,0,0,0,0,0,0,0,0,0,0,3,0,0,0,5,0,0,0,0,0,0,0,0,1.5,4,0,0,0,0,0,11.5,0,0.1,0,0,0,0,0,0,0,0,0,0,0.5,0,0,0,0,0,0,0,0,0,0,0,0,0,0,0,0,0,0,0,0,0,0,0,0,0,0,0,0.1,0
2011,17,1,0,23,0,0,20,0,0,0,1,7,12.5,0,19,0,0,0,0,0,0,1,0,0,0,0,0,11,0,0,0,0,0,0,11,0,0,0,0,50,0,0,0,0,0,0,0,0,0,0,0,0,0,0,0,0,0,0,15,0,0,0,0,0,0,0,0,0,0,0,0,0,0,0,0,0,0,0,0,0,0,0,0,0.6,0,0,0,0,22,0,0,0,0,0,0,0,0,0,0,0,3.6,0,0,0,0,0,0,6,0,0,0,1,5,0,0.2,0,1,0,19.5,0,0,0,0,0,0,0,0,8,0,0,0,0,0,0,0,0,0
2011,17,2,0,159,0,0,0,0,0,0,4,9.5,6,0,0,0,0,0,0,0,0,0,0,0,0,0,0,5.5,0,0,2,0,0,0,1,0,0,0,0,4,0,0,0,1,0,0.6,0,0,0,0,0,0,0,1,0,0,0,0,148,0,0,0,0,0,0,0.1,0,0,0,7,0,0,0,0,0,0,0,1.5,0,0,0,0,0,1,0,0,0,0,20,0,0,0,0,0,0,0,0,0,2,0,0,0,0,0,0,0,0,1,0,0,0,0.7,0,2,2,0,0,0,0,0,0,0,0,0,0,0,0,3,0,2.5,0,0,0,0,0,0,0
2011,17,3,0,358,0,0,0,0,0,0,0,0,0.1,0,29,0,0,0,0,0,0,0,0,0,0,0,0,0,0,0,0,0,0,0,0,0,0,0,0,0,0,0,0,0,0,0,0,0,0.5,0,0.1,0,0,0,220,0,0,0,134,0,0,0.1,0,0,0,0,0,0,0,4,0,0,0,0,0,0,0,1,0,0,0,0,0,0,0,0,0,0,9,0,0,0,0,0,4,0,0,0,2,0,0,0,0,0,0,0,0,0,0,0,0,0,0,0,0,0,0,0.1,0,0,0,0,0,0,0,0,0,0,0,0,0,0,0,0,0,0,0
2011,18,1,2,2,0,0,0,0,0,0,0,0,20,0,0,0,0,0,0,0,0,0,0,0,0,0,0,0,0,10,0,0,1,0,0.5,0,0,0,0,1,0,0,0,0.5,0,2.5,0,0,0,0,0,0,0,2,0,0,0,0,0,0,0,0,0,0,0,0,0,0,0,0,0,0,0,0,0,0,0,0,0,0,0,0,0,0,0,0,0,0,0,0,0,8,0,0,0,0,0,0,0,0,0,0,0,0,0,0,0,0,0,0,0,0,0,0,0,0,0,0,0,0,0,0,0,0,0,0,0,0,0,0,0,0,0,0,0,0,0
2011,18,2,2,147,0,0,0,0,0,0,0,0,0,1,28,0,0,0,0,0,0,0,0,0,0,0,28,0,0,0,0,0,0,0,0,0,0,0,0,0,0,0,16,0,0,0,0,0,0,0,0,0,0,0,19,0,0,0,80,0,0,0,0,0,0,0,0,0,0,0,3,0,0,0,1,0,0,0,0,0,0,0,10,0,0,0,0,0,0,0,0,0,0,0,8,0,0,0,0,0,0,0,0,0,0,0,0,0,0,0,0,0,0,0,0,0,0,0,0,0,0,0,0,0,0,0,0,0,0,0,0,0,0,0,0,0,0
2011,19,1,0,63,0,0,0,0,0,0,0,4,29,0,0,0,0,0,0,0,0,0,0,0,0,0,7,0,0,0,1.1,0,0,0,3,0,0,0,0,0,0,0,0,2,0,0,0.5,0,0.5,0,0.1,0,0,17,39,0,0,0,0,0,0,0,0,0,0,0,0,0,0,0,0,0,0,0,0,0,0,0,0,0,0,0,0,1.5,0,0,0,0,0,0,1,0,12,0,0,0,0,0,2,0,4,0,0,1,0,0,0,0,0,0,0,0,0,0,0,0,0,6,18,0,0,0,0,0,0,0,0,0,0,0,0,0,0,0,0,0,0
2011,19,2,0,153.1,0.1,0,60,0,0,0,0,0,5,0,7,0,0,0,0,0,0,0,0,0,0,0,85.1,0,0,0,0,0,0,0,1,0,0,0,0,0,0,0,0,7,0,0,0,0,0.5,0,3,0,0,6,29,0,1,0,9,0,0,0,0,0,0,0,0,100,0,0,0,0,0,0,0,0,0,0,0,0,0,0,40,0,0,0,0,0,3,0,0,0,18,0,0,0,0,0,2.5,0,0,0,0,0,0,0,0,0,1,0,0,0.2,0,0,0,0,0,0,4,0,0,0,0,0,0,5,0,19,0,0,0,0,0,0,0,0,0
2011,19,3,0,273,0,0,0,0,0,0,0,0,0,0,7,0,0,0,0,0,0,0,0,0,0,0,50,0,0,0,0,0,0,0.5,0,0,0,0,0,0,0,0,0,0,0,0,0,0,0,0,1,0,0,0,165,0,0,0,56,0,0,0,0,0,0,0,0,0,0,0,2,0,0,0,0,0,0,0,31,0,0,0,70,0,0,0,0,0,3,0,0,0,0,0,0,0,0,0,0,0,0,0,0,0,0,0,0,5,0,0,0,0,0,0,0,0,0,0,0,0,0,0,0,0,0,0,0,0,0,0,0,0,0,0,0,0,0
2011,20,1,2,0,0,0,0,0,0.1,0,0,0,13,0,0,0,0,0,0,0,0,1.5,0,0,0,0,0,0,0,0,0,0,0,0,3.5,0,0,0,0,0,0,0,0,0,0,0,0,0,0,0,0,0,0,0,0,0,0,0,0,0,0,0,0,0,0,0,0,0,0,0,0,0,0,0,0,0,0,0,0,0,0,0,0,0,0,3.5,0,0,0,0,84,5,0,0,0,0,0,0,0,0,0,0,0,0,0,0,0,0,0,0,0,0,0,0,0,0,0,9,2,0,0,0,0,0,0,0,0,0,0,0,0,0,0,0,0,0,0
2011,20,2,2,254,0,0,0,0,2,0,0,0,0,0,0,0,0,0,0,0,0,1.5,0,0,0,0,69,0,0,0,0,0,0,0,3,0,0,0,0,0,0,0,0,0,0,0,0,0,0.5,0,0,0,2,15,0,0,0,0,8,0,0,0,0,0,0,0,0,0,0,0,0,155,0,0,0,0,0,0,0,0,0,0,0,1,2,0,0,0,23,0,0,0,0,0,0,5.5,0,0,0,0,0,0,0,0,0,0,0,8,0,0,0,0,0,0,0,0,0,0,3.1,0,0,0,0,0,0,0,0,7,0,0,0,0,0,0,0,0,0
2011,20,3,2,216,0,0,0,0,0,0,0,0,0,1,12,0,0,0,0,0,0,0,0,0,0,0,82,0,0,0,0,0,0,0,0,0,0,0,0,0,0,0,0,0,0,0,0,0,0,0,0,0,0,0,126,0,0,0,7,0,0,0,0,0,0,0,0,0,0,0,0,0,0,0,0,0,0,0,0,0,0,0,0,0,0,0,0,0,0,0,0,0,0,0,0,0,0,0,0,0,0,0,0,0,0,0,0,1,0,0,0,0,0,0,0,0,0,0,0,0,0,0,0,0,0,0,0,0,0,0,0,0,0,0,0,0,0
2011,21,1,2,1,0,0,0,0,0,0,0,0,2,0,0,0,0,0,0,0,0,0,0,0,0,0,0,0,4,0,0,0,0,0,0,0,0,0,0,0,0,0,0,0,0,0,0,0,0,0,0,0,0,1,0,0,0,0,0,0,0,0,0,0,0,0.1,0,0,0,0,0,0,0,0,0,0,0,0,0,0,0,0,0,0,0,0,0,0,0,0,62,185,0,0,0,0,0,0,0,0,0,0,0,0,0,0,0,0,0,0,0,0,0,0,0,0,0,0,5,0,0,0,0,0,0,0,0,0,0,0,0,0,0,0,0,0,0
2011,21,2,2,152.5,0,0,0,0,0,0,0,0,2,0,0,0,0,0,0,0,0,0,0,0,0,0,38,0,0,0,0,0,0,0,0,0,0,0,0,0,0,0,0,0,0,0,0,0,0,0,0,0,0,9,87,0,0,0,0,0,0,2.1,0,0,0,0,0,0,0,1.5,0,0,0,0,0,0,0,0,0,0,0,0,39,0,0.1,0,0,0,0,0,0,0,0,0,0,0,0,0,0,0,0,0,0,0,0,0,0,0,0,0,0,0,0,0,0,0,0,0,0,0,0,0,0,0,0,0,0,17,0,0,0,0,0,0,0,0,0
2011,21,3,2,114.1,0.2,0,0,0,0,0,0,0,0,0.6,13,0,0,0,0,0,0,0,0,0,0,0,59,0,0,0,0,0,0,0,0,0,0,0,0,0,0,0,0,0,0,0,0,0,1,0,0,0,0,0,37,2.5,0,0,0,0,0,1,0,0,0,0,0,0,0,0,0.5,0,0,0,6,0,0,0,136,0,0,0,28,0,0.1,0,0,0,0,0,0,0,0,0,0,0,0,0,0,0,0.5,0,0,0,0,0,0,1,1,0,0,0,0,0,0,0,0,0,0,0,0,0,0,0,12,5,0,0,0,0,0,0,0,0,5,0,0
2011,22,1,1,33,0,0,0,0,0,0,0,0,7,0,0,0,0,0,0,0,0,0,0,0,0,0,0,7,0,0,0,0,0,0,0,0,0,0,0,40,0,0,0,0,0,0.1,0,0,0,0,0,0,0,0,0,0,0,0,0,0,0,0,0,0,0,0,0,0,0,0,0,0,0,0,0,0,0,0,0,0,0,0,0,1.1,0,0,0,0,6,20,5,0,88,0,0,0,0,0,0,0,0,0,0,0,0,0,0,0,0,0,0,0,0,0,0,33,0,10,32,0,0,0,0,0,0,0,0,0,0,0,0,0,0,0,0,0,0
2011,22,2,1,212.5,0,0,0,0,0,0,0,0,0,3.5,22,0,0,0.5,0,0,0,0,0,0,0,0,39,0,0,0,0,0,0,0,0,0,0,0,0,0,0,0,0,0,0,0,0,0,1,0,1,0,0,0,30,0,0,0,0,0,0,0.1,0,0,0,0,0,0,0,0,0,0,0,0,0.5,0,0,0,0,0,0,0,7,1,0.1,0,0,0,11,0,0,0,0,0,0,0,0,0,0,20,0,0,0,0,0,0,0,0,0,0,0,0,0,0,0,138,0,0,0,0,0,0,0,0,0,0,0,2,0,0,0,0,0,0,0,0,0
2011,22,3,1,89,0,0,0,0,0,5.1,0,6.5,0,0,64,0,0,0,0,0,0,19,0,0,0,0,17,0,0,0,0,0,0,0,0,0,0,0,0,0,0,14,0,0,0,0,0,0.5,1,0,0,0,0,0,12,0,0,0,38,0,0,0.5,0,0,0,0,0,0,0,0,0,0,0,0,0,0,0,0,3,0,0,0,0,1,0,0,0,0.1,34,0,0,0,0,0,0,0,0,0,0,0,0,0,0,0,0,0,0,0,0,0,0,0,0,0,0,17,0,0.1,0,0,0,0,0,0,0,5,0,0,0,0,0,0,0,0,0,0.5,0
2011,23,1,2,70.5,0,0,0,0,0,0,0,0,3.1,0,0,0,0,0,0,0,0,0,0,0,0,0,9.5,0,0,0,0,0,0,0,0,0,0,0,0,0,0,0,0,0,0,0,0,0,0,0,0,0,0,56,0,0,0,0,0,0,0,0,0,0,0,0,0,0,0,0,0,5,0,0,0,0,0,0,0,0,0,0,0,0.4,0,0,0,0,103,0,7,0,0,0,0,0,0,0,0,6,0,0,0,0,0,0,0,0.1,0,0,0,0,0,0,0,0,0,2,0,0,0,0,0,0,0,0,0,0,0,0,0,0,0,0,0,0,0
2011,23,2,2,50.5,0,0,0,0,0,0,0,0.5,10,0,49,0,0,0,0,0,0,0,0,0,0,0,15,0,0,0,0,0,0,0,1,0,0.2,0,0,19,0,0,0,0,0,0,0,0,0,0,0,0,0,6,0,0,0,0,0.5,0,0,0.1,0,0,0,0,0,130,0,0,0,13,0,0,0,0,0,0,0,0,0,0,0,1.6,0,0,0,0,11,0,0,10.5,3,0,0,0,0,0,0,8,0,0,0,2,0,0,0,0,0,0,0,2,0,0,0,0,0,9,0,0,0,0,0,0,0,0,0,16,0,0,0,0,0,0,0,0,0
2011,23,3,2,58,0,0,0,0,0,0,0,0,0,0,105,0,0,0,0,0,0,0,0,0,0,0,42,0,0,0,0,0,0,0,0,0,0,0,0,0,0,0,0,0,0,0,0,0,0,0,0,0,0,16,0,0,0,0,0,0,0,0,0,0,0,0,0,0,0,0,0,0,0,0,0,0,0,0,0,0,0,0,0,0.2,0,0,0,0,0,0,10,0,35,0,0,0,0,0,11,98,0,0,0,0,0,0,0,0,0,0,0,0.5,0,0,0,0,0,6,0,0,0,0,0,0,0,0,0,0,0,0,0,0,0,0,0,0,0
2011,23,4,2,79.5,0,0,0,0,0.5,0,0,0,0,0,48,0,0,0,0,0,0,0,0,0,0,0,77,0,0,0,0,0,0,0,0,0,0,0,0,2,0,0,0,0,0,1.6,0,0,0,0,0,0,0,1,0,0,0,0,0,0,0,0,0,0,0,0,0,0,0,0,0,0,0,0,0,0,0,0,0,0,0,0,0,1.5,0,0,0,0,0,0,0,0,24,0,0,0,0,0,1,43,0,0,0,0,0,0,0,0,0,0,0,0,0,0,0,0,0,20,0,0,0,0,0,0,0,0,0,1.5,0,0,0,0,0,0,0,0,0
2011,25,1,2,59,0,0,0,0,0,0,0,32,0,0,0,0,0,0,0,0,0,15,0,0,0,0,6,0,0,0,0,0,0,0,0.5,0,0,0,0,0,0,8,0,0,0,0,0,0,0,0,0,0,0,0,0,0,0,0,7,0,0,2,0,0,0,0,0,0,0,0,0,0,0,0,0,0,0,0,0,0,0,0,0,0,0.6,0,0,0,0,0,0,0,0,0,1,8,0,0,0,0,0,0,5,0,0,0,0,0,0,0,0,0,0,0,0,0,0,0,0,0,0,0,0,0,0,0,0,46,0,0,0,0,0,0,0,0.1,0
2011,25,2,2,288.1,0,0,0,0,0,0,0,1,0,0,3,0,0,0,0,0,0,0,0,0,0,0,111,0,0,0,0,0,0,0,0,0,0,0,0,0,0,0,0,0,0,0,0,0,0,0,0,0,0,10,0,0,0,0,164,0,0,1,0,0,0,0,0,0,0,0,0,0,0,0,0,0,0,0,0,0,0,0,0,0,0,0,0,0,0,0,0,0,0,0,1,0,0,0,0,0,0,0,0,0,0,0,0,0.5,0,0,0,0,0,0,0,0,0,0,0,0,0,0,0,0,0,0,0,3.1,0,0,0,0,0,0,0,0,0
2011,25,3,2,164,0,0,0,0,0,0,0,0,0,1,29,0,0,0,0,0,0,1.5,0,0,0,0,58,0,0,0,0,0,0,0,0,0,0,0,0,0,0,5,2,0,0,0,0,0,0,0,0,0,0,0,0,0,0,0,88,0,0,0,0,0,0,0,0,0,0,12,0,0,0,0,0,0,0,0,153,0,0,0,0,0,0,0,0,0,0,0,0,0,0,0,0,0,0,0,0,0,0,0,0,0,0,0,0,8,0,0,22,0,0,0,0,0,0,0,0,0,0,0,0,0,0,0,0,3,0,0,0,0,0,0,0,0,0
2011,25,4,2,199,24,0,0,0,0,0,0,0,0,1,105,0,0,0,0,0,0,0,0,0,0,0,185,0,0,0,0,0,0,2,0,0,0,0,0,0,0,0,0,0,0,0,0,0,0,0,0,0,0,0,0,0,0,0,2,0,0,0,0,0,0,0,0,0,0,0,0,0,0,0,0,0,0,0,0,0,0,0,0,0,0,0,0,0,0,0,0,0,0,2,0,0,0,0,0,0,0.5,0,0,0,0,0,0,0,0,0,6,0,0,0,0,0,0,0,0,0,0,0,0,0,11,0,0,0,0,0,0,0,0,0,0,0,0
2011,25,5,2,15,10,0,0,0,0,0,0,0,0,0,140,0,0,0,0,0,0,2,0,0,0,0,11,0,0,0,0,0,0,0,0,0,0,0,0,0,0,0,0,0,0,0,0,0,0,0,0,0,0,0,0,0,0,0,0,0,0,0,0,0,0,0,0,0,0,0,0,1,0,0,0,0,0,0,0,0,0,0,0,0.5,1,0,0,0,0,0,0,0,0,0,0,0,0,0,0,0,14.5,0,0,0,0,0,0,1.5,1.5,0,0,0,0,0,0,0,0,0,0,0,0,0,0,0,3,0,0,0,0,0,10,0,0,0,0,0,0
2011,26,1,0,41,0,0,0,0,0,16,0,0,14,0,13,0,0,0,0,0,0,0,0,0,0,0,0,0,0,0,5,0,0,0,0,0,0,0,0,5,0,0,0,1,0,0,0,0,0,0,2.5,0,0,33,0,0,0,0,0,0,0,0,0,0,0,0,0,175,0,0,0,0,0,0,0,0,0,0,0,0,0,0,0,0,0,0,0,0,0,0,0,0,17,0,0.5,0,0,0,0,0,0,0,0,0,0,0,0,2,0,0,0,0.2,0,0,0,0,0,20,0,0,0,0,0,0,0,0,0,8,0,0,0,1,0,0,0,0,0
2011,26,2,0,117.5,3,0,0,0,0,16,0,0,5,0.5,19,0,0,1,0,0,0,10,0,0,0,0,48,0,0,0,0,0,0,0,0,0,0,0,0,0,0,0,0,0,0,0,0,0,5.5,0,0.1,0,0,0,1,4,0,0,0,0,0,0,0,0,0,0,0,13,0,29,0,0,0,0,0,0,0,0,179,0,0,0,0,0.1,0.5,0,0,0,0,0,0,0,0,0,0,0,0,0,0,0,0,0,0,0,0,0,0,0,0,0,0,0,0,0,0,0,0,0,0,3,0,0,0,0,17,22,0,0,0,0,0,0,0,0,0,0,0
2011,27,1,1,13,0,0,0,0,0,0,0,2,20,0,0,0,0,0,0,0,0,0,0,0,0,0,0,0,0,0,0,0,0,0,6.5,0,0,0,0,40,0,0,0,0,0,1,0,0,0,0,0,0,0.6,13,0,0,0,0,0,0,0,0,0,0,0,0.5,0,0,0,0,0,0,0,0,0,0,0,0,0,0,0,0,0,1.6,0,2,0,0,0,0,0,19,0,0,0,0,0,0,0,0,0,0,0,1,0,0,0,0,0,0,0,6,0,0,0,0,2,5,12,0,0,0,0,0,0,0,0,0,0,0,0,0,0,0,0,0,0
2011,27,2,1,135,0,0,0,0,0,0,0,0.6,6,0,18,0,0,1,0,0,0,0,0,0,0,0,0,0,0,0,9,0,0,0,4,0,0,0,0,0.5,0,0,0,1,0,0.5,0,0,0,0,3.5,0,3.5,7,10,0,6,0,1,0,0,0,0,0,0,1.1,0,0,0,0,0,0,0,0,0,0,0,0,0,0,0,0,0,0.6,0.1,0,0,0,63,0,1,0,0,0,0,0,0,0,0,0,3,0,0,1,0,0,2,0,0,0,0,7,0,0,0,13,1,1,12,0,0,0,0,0,0,0,0,104,0,0,0,0,0,0,0,0,0
2011,27,3,1,282.5,0,0,0,0,0,0,0,0.5,0,4.5,12,0,0,0,0,0,0,0.5,0,0,0,0,91,0,0,0,0,0,0,0,0,0,0,0,0,0,0,0,25,0,0,0,0,0,3.1,0,1,0,0,0,67,0,0,0,82,0,0,0,0,0,0,0,0,0,0,0,0,0,0,0,3,0,0,0,105,0,0,0,90,0,0,0,0,0,2.5,0,0,0,0,0,0,0,0,0,0,0,0,0,0,0,0,0,0,0,0,0,0,0,0,0,0,0,0,0,0,0,58,0,0,0,0,0,0,13,0,0,0,0,0,0,0,0,0
2011,28,1,2,37,0,0,0,0,0,0,0,0,18,0,0,0,0,0,0,0,0,0,0,0,0,1,0,0,0,0,0,0,0,0,0,0,0,0,0,0,0,0,0,1.5,0,0,0,0,0,0,0,0,0,19,0,0,0,0,0,0,0,0,0,0,0,0,0,0,0,0,0,0,0,0,0,0,0,0,0,0,0,0,0,0,0,0,0,0,0,0,0,0,0,0,0,0,0,0,0,0,0,0,1.1,0,0,0,0,0,0,0,0,0,0,0,0,0,0,0,0,0,0,0,0,0,0,0,0,18,0,0,0,0,0,0,0,0,0
2011,28,2,2,193,0,0,0,0,0,0,0,0.5,13.5,0,0,0,0,0,0,0,0,0,0,0,0,0,35,0,0,0,0,0,0,0,0,0,0,0,0,0,0,0,0,0,0,0,0,0,0,0,1,0,0,0,1,0,0,0,134,0,0,0.5,0,0,0,0,0,0,0,0,0,0,0,0,0,0,0,0,0,0,0,0,0,0,0,0,0,0,0,0,0,0,0,0,0.5,0,0.1,0,3,0,0,0,0.5,0,0,0,0,0.5,0,0,0,0,0,0,0,0,0,2,0,0,0,0,0,0,0,0,0,23,0,0,0,0,0,0,0,0,0
2011,28,3,2,165.6,1,0,0,0,0,0,0,1,0.1,2.1,28,0,0,0,0,0,0,3,0,0,0,0,32,0,0,0,0,0,0,0,0,0,2.5,0,0,0,0,0,0,0,0,0,0,0,3.5,0,0,0,0,0,7.5,0,0,0,87,0,0,0,0,0,0,0,0,0,0,0,12,0,0,0,4,0,0,0,75,0,0,0,0,0,0.1,0,0,0,8,0,0,0,0,0,0.1,0,1.5,0,0,0,3,0,0,0,0,0,0,0,3,0,0,0,0,0,0,0,0,0,0,0,8,0,0,0,25,0,0,0,0,0,0,0,0,0,3,0,0
2011,29,1,1,8,0,0,0,0,0,0,0,0,11,0,0,0,0,0,0,1,0,0,0,0,0,0,0,0,0,0,0,0,0,0,0,0,0,0,0,0,0,0,0,0,0,0,0,0,0,0,0,0,0,0,0,0,0,0,8,0,0,0,0,0,0,0,0,0,0,0,0,0,0,0,0,0,0,0,0,0,0,0,0,1,0,0,0,0,0,0,0,1,12,0,0,0,0,0,0,0,0,0,0,0,0,0,0,0,0,0,0,0,0,0,0,0,0,0,0,0,0,0.5,0,0,0,0,0,0,0,0,0,0,0,0,0,0,0
2011,29,2,1,115,0,0,0,0,0,0,0,0,0,0,7,0,0,0,0,0,0,0,0,0,0,0,0,0,0,0,0,0,0,0,0,0,0,0,0,127,0,0,0,0,0,0,0,0,0,0,0,0,0,0,107,0,0,0,8,0,0,0,0,0,0,0,0,0,0,0,0,0,0,0,0,0,0,0,0,0,0,0,0,0.1,0,0,0,0,0,0,0,0,0,0,0,0,0,0,0,0,0,0,0,0,0,0,0,0,0,0,0,0,0,0,0,0,0,0,0,0,0,0,0,0,0,0,0,0,0,0,0,0,0,0,0,0,0
2011,30,1,2,13,0,0,0,0,0,0,0,0.5,11,0,0,0,0,0,0,0,0,0,0,0,0,0,0,0,0,0.5,0,0,0,0,0,0,0,0,0,0,0,0,0,0,0,0.5,0,0,0,0,0,0,0,0,6,0,0,0,0,0,0,0,0,0,0,0,0,0,0,0,0,0,0,0,0,0,0,0,15,0,0,0,0,0,0,0,0,0,36,4,0,0,9.5,0,0,0,0,0,0,0,0,0,0,0,0,0,0,0,0,0,0,1,0,0,0,0,0,0,0,0,0,0,0,0,0,0,0,7,0,0,0,0,0,0,0,1,0
2011,30,2,2,157,0,0,0,0,0,0,0,0,2,0,0,0,0,0,0,0,0,0,0,0,0,0,12.5,0,0,0,0,0,0,0,0,0,0,0,0,0,0,0,0,0,0,1,0,0,0,0,0,0,0,6.5,23,0,0,0,97,0,0,0,0,0,0,0,0,0,0,0,0,0,0,0,0,0,0,0,0,0,0,0,19,0,0,0,0,0,76,0,0,0,0,0,0,0,0,0,0,0,0,0,0,0,0,0,0,0,0,0,0,0,0,0,0,0,0,0,0,0,0,0,0,0,0,0,0,18,0,0,0,0,0,0,0,1.1,0
2011,30,3,2,91,10,0,0,0,0,0,0,0,0,2,0,0,0,0,0,0,0,0,0,0,0,0,16,0,0,0,0,0,0,2,0,0,0,0,0,0,0,0,0,0,0,0,0,0,3,0,0,0,0,0,23,0,0,0,38,0,0,0,0,0,0,0,0,0,0,0,1,0,0,0,0,0,0,0,31,0,0,0,81,0,0,0,0,0,35,0,0,0,0,0,0,0,0,0,0,0,0,0,0,0,0,0,0,0,0,0,0,0,0,0,0,7,0,0,0,0,0,0,0,0,4,0,0,0,0,0,0,0,0,0,0,0,0
2011,30,4,2,146.7,6,0,0,0,0,0,0,2,0,2.1,0,0,0,0,0,0,0,0,0,0,0,0,53,0,0,0,0,0,0,0,0,0,0,0,0,0,0,0,0,0,0,0,0,0,0,0,0,0,0,0.6,42,5,0,0,0,0,0,0,0,0,0,0,0,0,0,0,48,0,0,0,0,0,0,0,50,0,0,0,89,0,0,0,0,0,51,0,0,0,0,0,0,0,3,0,0,0,0,0,0,0,0,0,0,0,0,0,0,0,0,0,0,0,0,0,0,0,0,0,0,0,1,0,0,0,0,0,0,0,0,0,0,0,0
2011,32,1,1,0,0,0,0,0,0,0,0,6,20,0,0,0,0,0,0,0,0,0,0,0,0,0,0,0,0,0,0,0,0,0,1,0,0,0,0,5,0,0,0,0,0,0,0,0,0,0,0,0,0,0,0,0,0,0,0,0,0,0,0,0,0,0,0,0,0,0,0,0,0,0,0,0,0,0,0,0,0,0,0,0.5,0,0,0,0,0,25,0,21,0,0,0,0,0,0,2,0,0,0,0,0,0,0,0,0,0,0,0,0.5,0,0,0,0,0,0,10,0,0,1,0,0,0,0,0,0,0,0,0,0,0,0,0,0,0
2011,32,2,1,0,0,0,0,0,0,0,0,0,3,0,0,0,0,0,0,0,0,0,0,0,0,0,0,0,0,0,0,0,0,0,3,0,0,0,0,6,0,0,0,0,0,0,0,0,0,0,0,0,0,0,0,0,0,0,0,0,4,0,0,0,0,0,0,0,0,0,0,0,0,0,0,0,0,0,0,0,0,0,0,0,0,0,0,0,0,0,0,187,0,0,0,0,0,0,7.1,0,0,10,0,0,0,0,1,0,0,0,0,0,0,0,0,0,0,0,10,0,0,0,0,0,0,0,0,0,0,0,0,0,0,0,0,0,0
2011,32,3,1,34,0,0,0,0,0,0,0,4,18,0,20.5,0,0,0,0,0,0,0,0,0,0,0,3,2,0,0,0,0,0,0,0,0,0,0,0,0,0,0,0,0,0,0,0,0,0,0,0,0,0,11,0,0,0,0,20,0,0,0,0,0,0,0,0,0,0,0,0,0,0,0,0,0,0,0,0,0,0,0,0,0,0,0,0,0,0,0,0,35,0,0,0,0,0,0,3,0,0,0,0,0,0,0,0,0,0,0,0,1,0,0,0,0,0,0,3,0,0,3,0,0,0,0,0,0,0,0,0,0,0,0,0,0,0
2011,152,1,2,35,0,0,0,0,0,0,0,0,55,0,0,0,0,0,0,0,0,0,0,0,0,0,0,0,0,0,0,0,0,0,0,0,0,0,0,0,0,0,0,0,0,0,0,0,0,0,0,0,0,18,0,0,0,0,0,0,0,0.2,0,0,0,0,0,0,0,0,0,0,0,0,0,0,0,0,0,0,0,0,0,0,0,0,0,0,0,0,4,0,3,0,0,0,0,0,0,0,0,0,0,0,0,0,0,0,0,0,0,0,0,0,0,0,0,0,0,0,0,0,0,0,0,0,0,17,0,0,0,0,0,0,0,0,0
2011,152,2,2,44.5,0,0,0,0,0,0,0,0,6,0,4,0,0,0,0,0,0,0,0,0,0,0,12,0,0,0,0,0,0,0,0,0,0,0,0,6,0,0,0,0,0,0,0,0,0,0,0,0,0,5.5,11,0,0,0,15,0,0,1,0,0,0,0,0,0,0,0,0,0,0,0,0,0,0,0,0,0,130,0,0,0.1,0,0,0,0,70,84,0,0,0,0,0,0,0,0,1,0,0,0,0,0,0,0,0,0.6,0,0,0,0,0,0,0,0,0,2,28,0,0,0,0,0,0,0,0,1,0,0,0,0,0,0,0,0,0
2014,1,1,2,76.5,0,0,0,0,0,0,0,0,14,0,0,0,2,0,0,0,0,0,0,0,0,0,10,0,0,0,0,0,0,0,0,0,0,0,0,0,0,0,3,0,0,0,0,0,0,0,0,0,0,8,13.5,0,0,0,8,0,0,0,0,0,0,0,0,0,0,0,0,20,0,0,0,0,0,0,0,0,0,0,0,0,0,0,0,0,0,0,0,0,0,0,3,0,0,0,0,0,0,0,0,0,0,0,0,0,0,0,0,0,0,0,0,0,0,0,0,0,0,0,0,0,0,0,0,14,0,0,0,0,0,0,0,1,0
2014,1,2,2,271,0,0,0,0,0,0,0,3,6.5,0,0,0,0,0,0,0,0,0,0,0,0,0,67,0,0,0,0,0,0,2,0,0,0,0,0,0,0,0,11,0,0,0,0,0,8,0,0,0,0,0,99,0,0,0,61,0,0,2,0,0,0,0,0,0,0,18,0,6,0,0,0,0,0,0,2,0,85,0,0,0,0,0,0,0,0,0,0,0,0,0,1,0,0,5,0,0,0,0,0,0,0,0,0,0.5,0,0,0,0,0,0,0,0,0,0,0,0,0,0,0,5,2,0,0,2,0,0,0,0,0,0,3,0,0
2014,1,3,2,140,0.5,0,0,15,0,0,0,0,0,5,0,0,0,0,0,0,0,0,0,0,0,0,18,0,0,0,0,0,0,0,0,0,0,0,0,0,0,12,0,0,0,0,0,0,0,0,0,1,0,0,13,28.5,0,13,43,0,0,0,0,0.5,0,0,0,0,0,0,5,0,0,10,0,0,0,0,95,0,55,0,11,0,0,0,0,0,3,0,0,0,0,0,0,0,0,1,0,0,0,0,0,0,0,0,0,0,0,0,0,0,0,0,0,42,0,0,0,0,0,0,0,0,1,0,0,0,0,0,0,0,0,0,0,0,0
2014,3,1,2,33,0,0,0,0,0,0,0,0,0.5,0,0,0,0,0,0,0,0,0,0,0,0,0,31,8,0,6,0,0,0,0,0,0,0.5,0,0,32,0,0,0,13,0,0,0,0,0,0,2,0,5,2,0,0,0,0,0,0,0,0,0,0,0,0,0,0,0,0,0,0,0,0,0,0,0,0,0,0,0,0,0,0.5,0,1,0,0,0,0,33,251,51,0,0,0,0,0,14,0,0,0,0,0,0,0,1,0,0,0,0,6,0,0,0,0,0,18,43,0,0,1.5,0,0,0,0,0,0,0,0,0,0,0,0,0,0,0
2014,3,2,2,54,0,0,0,0,0,0,0,0.5,15,0,0,0,1,0,0,0,0,0,0,0,0,0,44,10,0,0,5,0,0,0,0,0,1,0,0,20,0,0,0,0,0,0,0,0,0,0,1.5,0,0,8,0,0,0,0,0,0,0,0,0,0,0,0,0.5,0,0,0,0,0,0,0,0,0,0,0,0,0,0,0,0,0,0,0,0,0,0,0,0,0,77,0,0,0,0,0,0,0,5,0,0,0,0,0,0,0,0,0,0,4,0,0,0,0,1,8,27,0,0,0.5,0,0,0,0,0,2,0,0,0,0,0,0,0,0,0
2014,3,3,2,291,0,0,0,0,0,0,0,0,6,2,0,0,0,0,0,0,0,0,0,0,0,0,32,0,0,0,0,0,0,0,0,0,0,0,0,0,0,0,0,0,0,0,0,0,0,0,0,0,0,12,144,0,0,0,32,0,0,0,0,0,0,0,0,0,0,25,0,31,0,27,5,0,0,0,0,0,0,0,0,0,0,0,0,0,5,0,0,0,18,0,0,0,0,23,2,0,0,0,0,0,0,0,0,0,0,0,0,0,0,0,0,0,0,0,0,0,0,0,0,0,0,0,0,13,0,0,0,0,0,0,0,0,0
2014,4,1,2,35.5,0,0,0,0,0,0,0,0,16,0,0,0,0,0,0,0,0,0,0,0,0,0,0,0,0,0,0.5,0,0,0,0,0,0,0,0,20,0,0,0,0,0,1.5,0,0,0,0,0,0,0,1.5,0,0,0,0,0,0,0,0,0,0,0,0,0,0,0,0,0,24,0,0,0,0,0,0,0,0,0,0,0,0,0,0,0,0,8.5,0,0,0,0,0,0,0,0,0,2.5,0,0,0.5,0,0,0,3,0,0,0,0,0,2,0,0,0,0,0,10,0,0,0,0,0,0,0,0,0,10,0,0,0,0,0,0,0,0.5,0
2014,4,2,2,230.6,0,0,0,0,0,0,0,1,0,7.6,2,0,0,0.5,0,0,0,0,0,0,0,0,57,0,0,0,0,0,0,0,0,0,0,0,0,0,0,0,0,0,0,0,0,0,0,0,0,0,0,0,90,0,0,0,76,0,0,0.5,0,0,0,0,0,0,0,0,0,0,0,0,0,0,0,0,11,0,0,0,11,0,0,0,0,0,2,0,0,0,0,0,3,0,0.5,7.5,0,0,0,11.5,0,0,0,0,0,1,0,0,0,0,0,0,0,0,0,0,0,0,0,0,0,0,0,0,0,0,0,0,0,0,0,0,0,0.5,30
2014,4,3,2,274,0,0,0,0,0,0,0,0,0,2.5,0,0,0,0,0,0,0,1,0,0,0,0,152,0,0,0,0,0,0,0,0,0,4.5,0,0,0,0,0,12,0,0,0,0,0,0,0,0,0,0,0,40,0.5,0,0,12,0,0,0,0,0,0,0,0,0,0,0.5,43,0,0,0,0,0,0,0,26,0,0,0,13,0,0,0,0,0,21,0,0,0,0,2,0,0,0,6,0,0,0,0,0,0,0,0,0,10.5,0,0,0,0,0,0,0,12,0,0,0,0,0,0,0,0,0,0,0,0,0,0,0,0,0,0,0,0,0
2014,5,1,4,3.5,0,0,0,0,0,0,0,0,13.5,0,0,0,11,0,0,0,0,0,0,0,0,0,0,0,0,0,0,0,0.5,0,3.5,0,2.5,0,0,14,0,0,0,0,0,0.5,0,0,0,0,0,0,0,1.5,0,0,1,0,0,0,0,0,0,0,0,0,0.5,0,0,0,0,0,0,0,0,0,0,0,0,0,0,0,0,0,0,0,0,0,133,0,0,3,0,0,0,0,0,0,11,0,0,9,5,0,0,0,0,0,0,0,0,6,0,0,0,0,0,2,21,0,0,2,0,0,0,0,0,2,0,0,0,0,0,0,0,0,0
2014,5,2,4,120.1,0,0,0,0,0,0,0,0,6,0,0,0,0,0,0,0,0,0,0,0,0,0,0,0,0,0,0,0,0,0,0,0,0,0,0,0,0,0,0,0,0,1,0,0,0,0,0,0,0,0.1,98,0,0,0,0,0,0,0,0,0,0,0,1,0,0,0,0,0,0,0,0,0,0,0,0,0,0,0,0,0,0,0,0,0,83,0,0,10,0,0,0,0,0,0,0,0,0,0,0,0,0,0,0,0,0,0,0,0,0,0,0,0,0,21,0,0,0,0,0,0,0,0,0,22,0,0,0,0,0,0,0,0,0
2014,5,3,4,97,1.1,0,0,0,0,0,0,0,0,0,0,0,0,3,0,0,0,4,0,0,0,0,18,0,0,0,0,0,0,0,0.5,0,0.5,0,0,2,0,0,0,0,0,0,0,0,0,0,0,0,0,0,30,0,0,0,35,0,0,5,0,0,0,0,0,0,0,7,3,0,0,0,0,0,0,0,17,0,220,0,12,0,0,0,0,0,25,0,0,0,0,0,0,0,0,1,4,0,0,0,0,0,0,0,0,0,0,0,0,0,0,0,0,0,0,0,0,0,0,0,0,0,1,0,0,3,0,0,0,0,0,0,0,0.5,0
2014,5,4,4,320,5,0,0,0,0,0,0,0,0,18,14,0,0,0,0,0,0,0,0,0,0,0,19,0,0,0,0,0,0,0,0,0,0,0,0,0,0,0,0,0,0,0,0,0,0,0,0,0,0,0,12,0,0,0,122,0,0,0,0,0,0,0,0,0,0,0,147,0,0,0,4,0,0,0,16,0,0,0,58,0,0,0,0,0,0,0,0,0,0,0,0,0,0,0,0,0,0,0,0,0,0,0,0,0,7,0,0,0,0,0,0,0,0,0,0,0,0,0,0,0,2,0,0,0,0,0,0,0,0,0,0,0,0
2014,6,1,0,97,1,0,0,0,0,0,0,1,57,0,3,0,0,0,0,0,0,0,0,0,0,0,0,0,0,0,0,0,0,0,5.5,0,2,0,0,0,0,0,0,0,8,0,0,0.5,0,0,0.5,0,0,4,55,0,0,0,0,0,0,0,0,0,0,0,0,0,0,0,0,0,0,0,0,0,0,0,0,0,0,0,0,17,0,0,0,0,0,0,0,0,0,0,0,0,0,0,0,0,0,0,0,0,0,0,0,0,0,0,0,0,0,0,0,0,0,4,0,0,0,0,0,0,0,0,0,38,0,0,0,0,0,0,0,0,0
2014,6,2,0,278.5,1,0,0,0,0,0,0,2,5.5,0,24,0,0,0,0,0,0,7,0,0,0,0,0,0,0,0,0,0,0,0,0,0,0,0,0,0,0,0,0,0,0,1.5,0,0,0,0,0.1,0,0,17.5,102,0,0,0,50,0,0,0,0,0,0,2.5,0,0,0,0,0,0,0,0,0,0,0,0,0,0,0,0,0,27,0,0,0,0,0,0,0,0,0,0,0,0,0,0,0,0,0,0,0,0,0,0,0,38,0,0,0,0,0,0,0,0,0,15,0,0,0,0,0,0,0,0,0,109,0,0,0,0,0,0,0,0,0
2014,6,3,0,98,13.5,0,0,0,0,0,0,4,4,0,26,0,0,0,0,0,0,2,0,0,0,0,14,0,0,0,0,0,0,0,0.5,0,6,0,0,0,0,0,0,0,0,0,0,0,2,0,0,0,0,0,1,0,0,0,0,0,0,3,0,0,0,0,0,0,0,0,0,0,0,0,0,0,0,0,0,0,0,0,0,26,0,0,0,0,0,0,0,0,0,0,3,0,0,0,1,0,0.5,0,0,0,0,0,0,0,0,0,0,5,0,0,0,0,0,0,0,0,0,0,0,35,0,0,0,48,0,0,0,0,0,0,0,0,0
2014,7,1,4,73,0,0,0,0,0,0,0,0,6,0,0,0,0,0,0,0,0,0,0,0,0,0,3,0,0,11,0,0,0,0,0,0,0,0.1,0,0,0,0,12,0,0,0.5,0,0,1,0,4.5,0,0,0,0,0,0,0,11,0,0,2.5,0,0,0,0,1,0,0,0,0,42,11,0,0,0,0,0,0,0,0,0,0,0,0,0,0,0,0,0,0,0,8,0,0,0,0,0,12,0,7,0,0,0,0,0,0,6,0,0,0,1,0,4,0,0,0,0,0,0,0,0,0,0,0,0,0,5,3,0,0,0,0,0,0,0,0
2014,7,2,4,183,0,0,0,0,0,0,0,0.5,3,0,0,0,0,0,0,0,0,0,0,0.5,0,0,30,0,0,0,0,0,0,0,0,0,2.1,5,0,13,0,0,0,0,0,0,0,0,0,0,21,0,0,6,68,0,2,0,45,0,0,0,0,0,0,0,1,0,0,3,0,29,2,0,0,0,0,0,0,0,0,0,1,0,0,0,0,0,0,0,0,0,0,0,0,0,0,0,14,0,0,0,0,0,0,0,0,11,0,0,0,0,0,0,0,0,0,0,0,0,0,0,0,0,2,0,0,0,12,0,0,0,0,0,0,0,0
2014,7,3,4,94,0,0,0,0,0,1,0,0,0,0,0,0,0,0,0,0,0,3,0,0,0,0,36,0,0,0,0,0,0,0,0.5,0,0,0,0,0,0,0,6,0,0,0,0,0,0.1,0,0,0,0,0,26,0,0,0,20,0,0,0,0,0,0,0,2.5,0,0,0,0,0,0,0,0,0,0,0,0,0,0,0,6,0,0.1,0,0,0,0,0,0,0,0,0,4,0,0,0,0,0,0,0,0,0,0,0,0,10,0,0,0,0,0,0,0,0,0,0,0,0,0,0,0,0,6,0,0,0,0,0,0,0,0,0,0,0,0
2014,8,1,2,52,0,0,0,0,0,0,0,0,30,6,63,0,0,0,0,0,0,0,0,0,0,0,6,0,0,0,0,0,0,0,0,0,0,0,0,0,0,0,0,0,0,0,0,0,0,0,2,0,0,0,0,0,0,0,26,0,0,0,0,0,0,0,0,0,0,13,0,0,0,0,0,0,0,0,0,0,0,0,0,0,0,0,0,0,19,12,0,0,10,0,0,0,0,0,0,0,0,0,0,0,0,0,0,2,0,0,0,3,0,0,0,0,0,0,0,0,0,0,0,0,0,0,0,1,3,0,0,0,0,0,0,0,0
2014,8,2,2,214,0,0,0,0,0,15,0,0,18,0,165,0,0,0,0,0,0,0,0,0,0,0,54,0,0,0,0,0,0,0,3,0,1,0,0,0,0,0,21,0,0,0,0,0,0,0,0,0,0,0,89,0,0,0,0,0,0,0,0,0,0,0,0,0,0,14,0,0,0,0,0,0,0,0,0,0,0,0,0,26,0,0,0,0,19,0,0,0,0,0,0,0,0,0,1,0,0,0,0,0,0,0,0,0,0,0,0,11,0,0,0,0,0,0,0,0,0,0,0,0,23,0,0,13,0,0,0,0,0,0,0,0,0
2014,8,3,2,74,0,0,0,0,0,17,0,0,2,4,90,0,0,0,0,0,0,5,0,0,0,0,55,0,0,0,0,0,0,0,0,0,0,0,0,0,0,0,0,0,0,0,0,0.5,2,0,0,0,0,0,5,0,0,0,2,0,0,0,0,0,0,0,0,0,0,0,4,0,0,0,0,0,0,0,25,0,0,0,30,0,0,0,0,0,0,0,0,0,0,0,0,0,0,0,0,0,0,0,0,0,0,0,0,0,2,0,0,0,0,0,0,0,0,0,0,0,0,0,0,0,4,0,0,0,0,0,0,0,0,0,0,0,0
2014,9,2,1,28,0,0,0,0,0,0,0,0,0,0,0,0,0,0,0,0,0,0,0,0,0,0,3,2,0,0,0,0,0,0,0,0,2,0,0,0,0,0,0,0,0,0,0,0,0,0.5,0,0,0,0,0,0,0,0,0,0,0,0,0,0,0,0,0,0,0,0,0,25,0,0,0,0,0,0,0,0,0,0,0,0,0,0,0,0,0,0,45,18,0,0,0,0,0,0,0,0,0,0,0,0,0,0,0,0,0,0,0,0,0,0,0,0,0,2,59,0,0,0.1,0,0,0,0,0,0,0,0,0,0,0,0,0,0,0
2014,9,3,1,196,0,0,0,0,0,0,0,4,4.1,0,16,0,0,0,0,0,0,0,0,0,0,0,35,0,0,0,0,0,0,0,0,0,0,0,0,0,0,0,0,0,0,0,0,0,0,0,0,0,0,47,48,0,0,0,0,0,0,1.5,0,0,0,0,0,0,0,1,0,23,0,0,0,0,0,0,0,0,0,0,0,0,0,0,0,0,0,0,0,0,0,0,0,0,0,0,0,0,0,0,0,0,0,0,0,0,0,0,0,0,0,0,0,0,0,0,0,0,0,0,0,0,0,3,0,39,0,0,0,0,0,0,0,1,0
2014,10,1,1,213,0.1,0,0,0,0,0,0,20,12,0,0,0,0,0,0,0,0,0,0,0,0,0,83,0,0,0,0,0,0,0,17,0,6,0,0,0,0,0,0,0,0,2,0,0,12,0,0,0,0,1,49,0,0,0,0,0,0,2,0,0,0,0,0,0,0,0,0,0,0,0,0,0,0,0,0,0,0,0,0,0.5,0,0,0,0,0,0,0,0,40,0,0,0,0,0,10,0,0,0,4,0,0,0,0,0,0,0,0,8,0,0,0,0,4,30,0,0,0,0,0,0,0,0,0,80,0,0,0,0,0,0,0,0,0
2014,10,2,1,304,0,0,0,0,73,0,0,0,12,0,0,0,0,0,0,0,0,0,0,0,0,0,140,0,0,0,0,0,0,0,1.5,0,0,0,0,41,0,0,0,0,0,0,0,0,4,0,0,0,0,3,79,0,0,0,30,0,0,1,0,0,0,0,0,0,0,0,0,0,0,0,0,0,0,0,0,0,0,0,0,0,0,0,0,0,58,0,0,0,12,0,0,0,0,0,39,0,0,0,1,0,0,0,0,0,0,0,0,4,0,0,0.5,0,0,21,6,0,0,0,0,0,0,0,0,52,0,0,0,0,0,0,0,0,0
2014,10,3,1,317,0,0,0,0,0,0,0,0,2,0,0,0,0,0,0,0,0,0,0,0,0,0,136,0,0,0,0,0,0,0,4,0,0,0,0,98,0,0,0,0,0,2,0,0,0,0,0,0,0,0,74,0,0,0,0,0,0,0,0,0,0,1,0,0,0,0,0,65,0,0,0,0,0,0,0,0,0,0,0,0,0,0,0,0,0,0,0,0,38,0,0,0,0,0,29,0,0,0,2,0,0,0,0,0,0,0,0,17,0,3,0,0,0,14,0,0,0,0,0,0,0,0,0,42,0,0,0,0,0,0,0,0,0
2014,10,4,1,174,11,0,0,0,0,0,0,14,5,0,0,0,0,0,0,0,0,0,0,0,0,0,47,0,0,0,0,0,0,0,0,10,0,0,0,0,0,0,0,0,0,0,0,0,6.5,0,3,0,0,0,63,0,0,0,33,0,0,0,0,0,0,0,0,0,0,0,0,0,0,0,0,0,0,0,20,0,7.5,0,11,0.5,0,0,0,2.5,35,0,0,0,0,0,3.5,0,2.5,16.5,0,0,0,0,0,0,0,0,0,0,0,0,0,0,0,0,0,0,0,0,0,0,0,0,0,0,24,0,0,7,0,0,0,0,0,0,0,0.7,0
2014,11,1,2,43,0,0,0,0,0,0,0,2,20,0,0,0,0,0,0,0,0,0,0,0,0,0,0,0,0,0,0,0,0,0,1,0.5,3,0,0,0,0,0,0,3.5,0,1.5,0,0,0,0,0,0,0,11,0,0,0,0,0,0,0,2,0,0,0,0,0,0,0,0,0,0,0,0,0,0,0,0,0,0,0,0,0,0.5,0,0,0,0,0,0,0,0,30,0,0,0,0,0,22,0,5,0,0,0,0,0,3,0,0,0,0,8.5,0,0,0,0,0,17,0,0,0,0,0,0,0,0,0,32,0,0,0,0,0,0,0,0,0
2014,11,2,2,245,0,0,0,0,0,0,0,0,0,0,23,0,0,0,0,0,0,0,0,0,0,0,35,0,0,0,0,0,0,0,0,0,0,0,0,0,0,0,0,0,0,4,0,0,0,0,0,0,0,1,93,0,0,4,107,0,0,0,0,0,0,0,0,0,0,0,0,0,0,0,0,0,0,0,0,0,0,0,0,0,0,0,0,0,0,0,0,0,0,0,0,0,0,0,1,0,0,0,0,0,0,0,0,0,0,0,0,1,0,0,0,0,0,0.5,0,0,0,1,0,0,0,0,0,5,0,0,0,0,0,0,0,0,0
2014,11,3,2,190.5,0,0,0,0,0,0,0,0,0,0,23,0,0,0,0,0,0,0,0,0,0,0,17.5,0,0,0,0,0,0,0,0,0,0,0,0,0,0,0,0,0,0,0,0,0,0,0,1,0,0,0,117,0,0,0,56,0,0,0,0,0,0,0,0,0,0,0,0,0,0,0,0,0,0,0,0,0,0,0,0,0,0,0,0,0,0,0,0,0,0,0,2,0,0,0,0,0,0,0,0,0,0,0,0,0,0,0,0,0,0,0,0,0,0,0,0,0,0,0,0,0,0,0,0,0,0,0,0,0,0,0,0,0,0
2014,12,1,2,30,0.5,1,0,0,0,0,0,1.5,62,0,0,0,0,0,0,0,0,0,0,0,27,0,0,0,0,0,0,0,0,0,2.6,0,0.5,0,0,0,0,0,0,0,0,0,0,0,0,0,0,0,0,2,3,0,0,0,0,0,0,0,0,0,0,0,0,0,0,0,0,0,0,0,0,0,0,0,0,0,0,0,0,6,0,0,0,0,11,0,0,0,0,0,0,0,0.5,0,0,0,0,0,0,0,0,0,0,6.5,0,0,0,1,0,0,0,0,0,26,0,0,0,0,0,0,0,0,0,25,0,0,0,0.5,0,0,0,0,0
2014,12,2,2,103,1,0,0,0,0,0,0,1.5,0,1,116,0,0,0,0,0,0,0,0,0,0,0,19,0,0,0,0,0,0,0,8.5,0,0,0,0,0,0,0,0,0,0,2,0,0.5,0,0,1,0,0,0,44,0,0,0,33,0,0,0,0,0,0,1,0,0,0,6,0,0,0,0,0,0,0,0,0,0,0,0,0,0.1,0,0,0,0,0,0,0,0,7,0,0,0,0,20,0,0,0,0,0,0,0,0,0,3,0,0,0,12.5,0,0,0,0,0,2,0,0,0,0,0,0,0,0,0,0,0,0,0,0,0,0,0,0,0
2014,12,3,2,158,0.5,0,0,0,0,0,0,0,0,2.5,117,0,0,0,0,0,0,0,0,0,0,0,74,0,0,0,0,0,0,0,0,0,0,0,0,12,0,0,0,0,0,0,0,0,0,0,0,0,0,0,21,0,0,18,41,0,0,0,0,0,0,0,0,0,0,0,1,0,0,0,25,0,0,0,273,0,0,0,0,0,0,0,0,0,0,0,0,0,0,0,0,0,0,0,0,0,0,0,0,0,0,0,0,0,0.1,0,0,0,0,0,0,0,0,0,0,0,0,0,0,0,0,0.5,0,0,0,0,0,0,0,2,0,0,0
2014,14,1,1,80,0,0,0,0,0,0,0,0,37,0,0,0,0,0,0,0,0,0,0,0,0,0,0,0,0,0,0,0,0,0,4,0,0,0,0,0,0,0,0,0,0,2.5,0,0,0,0,0,0,0,50,0,0,0,0,0,0,0,0,0,0,0,0,0,0,0,0,0,0,0,0,0,0,0,0,0,0,0,0,0,0,0,0,0,0,0,0,17,0,0,0,0,0,0,0,0,0,0,32,0,0,0,0,0,0,0,0,0,0,0,0,0,0,0,34,11,0,0,0.5,0,0,0,0,0,30,0,0,0,0,0,0,0,0,0
2014,14,2,1,207,0,0,0,0,0,0,0,0,8.1,0,0,0,0,0,0,0,0,0,0,0,0,0,60,0,0,0,2,0,0,0,0,0,0,0,0,0,0,0,0,0,0,0,0,0,0,0,4,0,0,80,10,0,0,0,43,0,0,10.5,0,0,0,0,0,0,0,0,0,0,0,0,0,0,0,0,0,0,0,0,0,0,0,0,0,0,0,0,0,0,5,0,0,0,0,0,0,0,0,17,0,0,0,0,0,0,0,0,0,0.5,0,0,0,0,0,28,0,0,0,0,0,0,0,0,0,14,0,0,0,0.5,0,0,0,0,0
2014,14,3,1,427,0,0,0,2,0,0,0,0,0,2,0,0,0,0,0,0,0,0,0,0,0,0,30,0,0,0,0,0,0,0,0,0,0,0,0,0,0,0,7,0,0,0,0,0,0,0,0,0,0,0,165,5,0,0,140,0,0,0,0,0,0,0,0,0,0,3,19,0,0,0,12,0,0,0,128,0,200,0,0,0,0,0,0,0,0,0,0,0,0,0,0,0,0,11,0,0,0,0,0,0,0,0,0,0,0.5,0,0,0,0,0,0,0,0,0,0,0,0,0,7,0,59,0,0,2,0,0,0,0,0,0,0,0,0
2014,16,1,4,15.5,0,0,0,0,0,0,0,0,28,0,0,0,0,0,0,0,11.5,0,0,0,0,0,0,0,0,0,0,0,0,0,2,0,0,0,0,0,0,0,0,0,0,5.5,0,0,0,0,0,0,0,15.5,0,0,0,0,0,0,0,0,0,0,0,0,0,0,0,0,0,0,0,0,0,0,0,0,0,0,0,0,0,0,0,0,0,0,0,64,0,0,0,0,0,0,0,0,0,19,0,0,0,0,5,0,0,0,0,0,0,5,0,0,0,0,0,18,7,0,0,1.5,0,0,0,0,0,0,0,0,0,0,0,0,0,0,0
2014,16,2,4,111,0,0,0,0,0,0,0,0,25,1,17,0,0,0,0,0,0,0,0,0,0,0,0,0,0,0,0,0,0,0,0,0,0,0,0,0,0,0,0,0,0,2.5,0,0,0,0,0,0,0,0,0,0,0,0,110,0,0,0,0,0,0,0,0,0,0,0,0,0,0,0,0,0,0,0,0,0,0,0,0,0,0,0,0,0,74,0,0,7,0,0,4,0,0,0,6,0,0,0,0,0,0,0,0,0,0,0,0,0,0,0,0,0,0,2,0,0,0,0,0,0,0,0,0,0,0,0,0,0,0,0,0,0,0
2014,16,3,4,89,0,0,0,0,0,0,0,1,3,0,41,0,0,5,0,0,0,4,0,0,0,0,7,0,0,0,0,16,0,0,0,0,0.5,0,0,0,0,0,0,0,0,0,0,0,0.1,0,0,0,0,3,0,0,0,0,79,0,0,0,0,0,0,0,0,0,0,0,0,0,0,0,1,0,0,0,16,0,0,0,0,0,0,0,0,0,1,0,0,0,0,0,36,0,2,0,0,0,0,0,0,0,0,0,0,1,0,0,0,0,0,0,0,0,0,0,0,0,0,0,0,0,0,0,0,0,0,0,0,0,0,0,0,2,0
2014,17,1,0,35,0,0,40,0,0,0,0,7,4,0,41,0,0,0,0,0,0,0,0,0,0,0,0,11,0,0,0,0,0,0,17.5,0,0,0,0,95,0,0,0,0,0.5,0,0,0,0,0,0,0,0,0,0,0,0,0,13,0,0,0,0,0,0,0,0,0,0,0,0,0,0,0,0,0,0,0,0,0,0,0,0,4,0,0,0,0,45,0,0,0,0,0,0,0,0,0,0,0,5.5,0,0,0,0,0,0,5,0,0,0,0,8,0,0.1,0,1,0,46,0,0,0,0,0,0,0,0,22,0,0,0,0,0,0,0,0,0
2014,17,2,0,225,0,0,0,0,0,0,0,4,7,0,0,0,0,0,0,0,0,0,0,0,0,0,0,16,0,0,5,0,0,0,5,0,2,0,0,7,0,0,0,1,0,0,0,0,0,0,0,0,0,1,0,0,0,0,197,0,0,0,0,0,0,0,0,0,0,24,0,0,0,0,0,0,0,3,0,0,0,0,0,3,0,0,0,0,53,0,0,0,0,0,0,0,0,0,0,0,0,0,0,0,0,0,0,0.1,0,0,0.5,1,0,5,2.5,0,0,0,0,0,0,0,0,0,0,0,0,3,0,7,0,0,0,0,0,0,0
2014,17,3,0,646,0,0,0,0,0,0,0,0,0,6,92,0,0,0,0,0,0,0,0,0,0,0,0,0,0,0,0,0,0,0,0,0,0,0,0,0,0,0,8,0,0,0,0,0,0,0,0,0,0,0,340,0,0,0,228,0,0,0,0,0,0,0,0,0,0,63,0,0,0,0,0,0,0,0.5,0,0,0,0,0,0,0,0,0,0,33,0,0,0,0,0,6.5,0,0,0,6,0,0,0,0,0,0,0,0,2,0,0,0,0,0,0,0,0,0,0,0,0,0,0,0,0,1,0,0,0,0,0,0,0,0,0,0,0,0
2014,18,1,2,1,0,0,0,0,0,0,0,0.5,53.5,0,0,0,0,0,0,0,0,0,0,0,0,0,0,0,0,15,0,0,1,0,0,0,0,0,0.5,8,0,0,0,5.1,0,6,0,0,0,0,0,0,1,1,0,0,0,0,0,0,0,0,0,0,0,0,0,0,0,0,0,0,0,0,0,0,0,0,0,0,0,0,0,0,0,0,0,0,0,0,0,15,0,0,0,0,0,0,0.1,0,0,0,0,0,0,0,0,0,0,0,0,0,0,0,0,0,0,0,0,0,0,0,0,0,0,0,0,0,0,0,0,0,0,0,0,0,0
2014,18,2,2,128,0,0,0,0,0,0,0,0,0,0.5,24,0,0,0,0,0,0,0,0,0,0,0,17.5,0,0,0,0,0,0,0,0,0,0,0,0,0,0,0,12,0,0,0,0,0,0,0,0,0,0,0,22,0,0,0,68,0,0,0,0,0,0,0,0,0,0,0,4,0,0,0,0.5,0,0,0,0,0,0,0,10,0,0,0,0,0,0,0,0,0,0,0,1,0,0.5,0,0,0,0,0,0,0,0,0,0,0,0,0,0,0,0,0,0,0,0,0,0,0,0,0,0,0,4,0,0,0,0,0,0,0,0,0,0,0,0
2014,19,1,0,87,0,0,0,0,0,0,0,7,37,0,0,0,0,0,0,0,0,0,0,0,0,0,14,0,0,0,1.5,0,0,0,3.5,0,0,0,0,0,0,0,0,2.1,0,0.5,3,0,0,0,0,0,0,36,37,0,0,0,0,0,0,0,0,0,0,0,0,0,0,0,0,0,0,0,0,0,0,0,0,0,0,0,0,0,0,0,0,0,0,0,3,0,25,0,0,0,0,0,0,0,3.6,0,0,2,0,0,0,0,0,0,0,0,0,0,0,0,0,14,43,0,0,0,0,0,0,0,0,0,0,0,0,0,0,0,0,0,0
2014,19,2,0,268,2,0,83,0,0,0,0,2,17,1,6,0,0,0,0,0,0,0,0,0,0,0,117,0,0,0,0,0,0,0,0.5,0,0.5,0,0,0,0,0,0,3.5,0,0,0,0,0,1,5,0,0,10,61,0,3,0,33,0,0,0,0,0,0,0,0,100,0,0,0,0,0,0.5,0,0,0,0,0,0,0,0,39.5,0,0.5,0,0,0,0,0,0,0,50,0,0,0,0,0,0.1,0,0,0,0,0,0,0,0,1,0.5,0,0,0.5,0,0,0,0,0,0,11,0,0,0,0,0,0,14,0,32,0,0,0,0,0,0,0,0,0
2014,19,3,0,577,0,0,0,0,0,0,0,0,0,0,17,0,0,0,0,0,0,0,0,0,0,0,172,0,0,0,0,0,0,0,0,0,0,0,0,0,0,0,0,0,0,0,0,0,0,0,1,0,0,0,285,4,0,0,110,0,0,0,0,0,0,0,0,0,0,0,10,0,0,0,0,0,0,0,74,0,0,0,163,0,0,0,0,0,0,0,0,0,0,0,0,0,0,0,0,0,0,0,0,0,0,0,0,7,0,0,0,0,0,0,0,0,0,0,0,0,0,0,0,0,0,0,0,0,0,0,0,0,0,0,12,0,0
2014,20,1,2,0,0,0,0,0,2,0,0,0,10.5,0,0,0,0,0,0,0,0,0,0,0,0,0,0,0,0,0,0,0,1.5,0,1,0,0,0,0,0,0,0,0,0,0,0,0,0,0,0,0,0,0,0,0,0,0,0,0,0,0,0,0,0,0,0,0,0,0,0,0,0,0,0,0,0,0,0,0,0,0,0,0,0,0,4.5,0,0,0,0,51,9,0,0,0,0,0,0,0,0,0,0,0,0,0,0,0,0,0,0,0,0,0,0,0.5,0,0,16.5,2,0,0,0,0,0,0,0,0,0,0,0,0,0,0,0,0,0,0
2014,20,2,2,225,0,0,0,0,0,0,0,0,0,0,0,0,0,0,0,0,0,6,0,0,0,0,69,0,0,0,0,0,0,0,0.5,0,0,0,0,0,0,0,0,0,0,0,0,0,0,0,0,0,7,14,0,0,0,0,11,0,0,0,0,0,0,0,0,0,0,0,0,120,0,0,0,0,0,0,0,0,0,0,0,0,2,0,0,0,79,0,0,0,0,0,0,2.5,0,0,0,0,0,0,0,0,0,0,0,19,0,0,0,0,0,0,0,0,0,0,0.5,0,0,0,0,0,0,0,0,11,0,0,0,0,0,0,0,0,0
2014,20,3,2,258.5,0,0,0,0,0,0,0,0,0,0.5,36,0,0,0,0,0,0,0,0,0,0,0,96,0,0,0,0,0,0,0,0,0,0,0,0,0,0,0,0,0,0,0,0,0,0,0,0,0,0,0,143,0,0,0,16,0,0,0,0,0,0,0,0,0,0,0,0,3,0,0,0,0,0,0,0,0,0,0,0,0,0,0,0,0,18,0,0,0,0,0,0,0,0,0,0,0,0,0,0,0,0,0,0,0.5,0,0,0,0,0,0,0,0,0,0,0,0,0,0,0,0,0,0,0,0,0,0,0,0,0,0,0,0,0
2014,21,1,2,1,0,0,0,0,0,0,0,0,1,0,0,0,0,0,0,0,0,0,0,0,0,0,0,0,0,0,0,0,0,0,0,0,0,0,0,0,0,0,0,0,0,0,0,0,0,0,0,0,0,1,0,0,0,0,0,0,0,0,0,0,0,0,0,0,0,0,0,0,0,0,0,0,0,0,0,0,0,0,0,0,0,0,0,0,0,0,37,194,0,0,0,4,0,0,0,0,0,0,0,0,0,0,0,0,0,0,0,0,0,0,0,0,0,0,10,0,0,0,0,0,0,0,0,0,0,0,0,0,0,0,0,0,0
2014,21,2,2,164.5,0,0,0,0,0,0,0,0,2,0,0,0,0,0,0,0,0,0,0,0,0,0,45,0,0,0,0,0,0,0,0,0,0,0,0,0,0,0,0,0,0,0,0,0,0,0,0,0,0,6,61,0,0,0,0,0,0,7,0,0,0,0,0,0,0,37,0,0,0,0,0,0,0,0,0,0,0,0,29,0,0,0,0,0,0,0,0,0,0,0,0,0,0,0,0,0,0,0,0,0,0,0,0,0,0,0,0,0,0,0,0,0,0,0,0,0,0,0,0,0,0,0,0,15.5,0,0,0,0,0,0,0,0,0
2014,21,3,2,225,0,0,0,0,0,0,0,0,0,3,0,0,0,0,0,0,0,4,0,0,0,0,114,0,0,0,0,0,0,0,0,0,0,0,0,0,0,0,0,0,0,0,0,0,0,0,0,0,0,0,86,6,0,0,0,0,0,0.5,0,0,0,0,0,0,0,0,0,0,0,0,18,0,0,0,180,0,0,0,162,0,0.5,0,0,0,0,0,0,0,0,0,0,0,0,0,4,0,11,0,0,0,0,0,0,0,6,0,0,0,0,0,0,0,0,0,0,0,0,0,0,0,4,18,0,0,0,0,0,0,0,0,22,0,0
2014,22,1,1,61,0,0,0,0,0,0,0,0,5,0,0,0,0,0,0,0,0,0,0,0,0,0,0,15,0,0,0,0,0,0,0,0,0,0,0,131,0,0,0,0,0,0.5,0,0,0,0,0,0,0,0,0,0,0,0,0,0,0,0,0,0,0,0,0,0,0,0,0,0,0,0,0,0,0,0,0,0,0,0,0,2,0,0,0,0,5,8,9,0,192,0,0,0,0,0,0,3,0,0,0,0,0,0,0,0,0,0,0,0,0,0,0,61,0,12,46,0,0,0,0,0,0,0,0,0,0,0,0,0,0,0,0,0,0
2014,22,2,1,499.5,0,0,0,0,0,0,0,0,0,13.5,59,0,0,2,0,0,0,0,0,0,0,0,87,0,0,0,0,0,0,0,0,0,0,0,0,0,0,0,0,0,0,0,0,0,3,0,8,0,0,0,105,0,0,0,0,0,0,0,0,0,0,0,0,0,0,9,0,0,0,0,3,0,0,0,0,0,0,0,75,2,0,0,0,0,22,0,0,0,0,0,0,0,0,0,0,31,0,0,0,0,0,0,0,0,0,0,0,0,0,0,0,280,0,0,0,0,0,0,0,0,0,0,0,5,0,0,0,0,0,0,0,0,0
2014,22,3,1,263,0,0,0,0,0,0,0,16,1,0,95,0,0,0,0,0,0,46,0,0,0,0,47,0,0,0,0,0,0,0,0,0.5,0,0,0,0,0,25,0,0,0,0,0,0,3,0,0,0,0,0,9,0,2,0,110,0,0,0,0,0,0,0,0,0,0,0,0,0,0,0,0,0,0,0,13,0,0,0,1,9,0,0,0,0,82,0,0,0,0,0,0,0,0.5,0,4.5,0,0,0,0,0,0,0,0,0,0,0,0,0,0,0,0,77,0,0,0,0,0,0,0,0,0,20,0,0,0,0,0,0,0,0,0,0,0
2014,23,1,2,87,0,0,0,0,0,0,0,0,4,0,0,0,0,0,0,0,0,0,0,0,0,0,14,0,0,0,0,0,0,0,0,0,0,0,0,0,0,0,0,0,0,0.5,0,0,0,0,0,0,0,65,0,0,0,0,0,0,0,0,0,0,0,0,0,0,0,0,0,8,0,0,0,0,0,0,0,0,0,0,0,0,0,0,0,0,72,0,15,0,0,0,0,0,0,0,0,6,0,0,0,0,0,0,0,0,0,0,0,0,0,0,0,0,0,3,0,0,0,0,0,0,0,0,0,0,0,0,0,0,0,0,0,0,0
2014,23,2,2,89,0,0,0,0,0,0,0,0,4,0,105,0,0,0,0,0,0,0,0,0,0,0,29,0,0,0,0,0,0,0,2,0,2.5,0,0,23,0,0,0,0,0,0,0,0,0,0,0,0,0,17,0,0,0,0,0,0,0,1,0,0,0,0,0,42,0,0,0,28,0,0,0,0,0,0,0,0,0,0,0,0.6,0,0,0,0,51,0,0,26,4,0,0,0,0,0,0,4,0,0,0,5.5,0,0,0,0,0,0,0,14,0,0,0,0,0,12,0,0,0,0,0,0,0,0,0,15,0,0,0,0,0,0,0,0,0
2014,23,3,2,112,0,0,0,0,0,0,0,2,0,0,187,0,0,0,0,0,0,0,0,0,0,0,71,0,0,0,0,0,0,0,0,0,0,0,0,0,0,0,0,0,0,1,0,0,0,0,0,0,0,39,0,0,0,0,0,0,0,0,0,0,0,0,0,0,0,0,0,0,0,0,0,0,0,0,0,0,0,0,0,0,0,0,0,0,0,0,26,0,32,0,0,0,0,0,15,74,0,0,0,0,0,0,0,0,0,0,0,0,0,0,0,0,0,8,0,0,0,0,0,0,0,0,0,2,0,0,0,0,0,0,0,0,0
2014,23,4,2,98,0,0,0,0,5,0,0,0,0,0,57,0,0,0,0,0,0,0,0,0,0,0,89,0,0,0,0,0,0,0,0,0,0,0,0,5,0,0,0,0,0,4,0,0,0,0,0,0,0,2,0,0,0,0,0,0,0,0,0,0,0,0,0,0,0,0,0,0,0,0,0,0,0,0,0,0,0,0,0,0.1,0,0,0,0,0,0,0,0,25,0,0,0,0,0,1,35,0,0,0,0,0,0,0,0,0,0,0,0,0,0,0,0,0,32,0,0,0,0,0,0,0,0,0,7,0,0,0,0,0,0,0,0,0
2014,25,1,2,43,0.6,0,0,0,0,0,0,12,2,0,0,0,0,0,0,0,0,16,0,0,0,0,7,0,0,0,0,0,0,0,2,0,0,0,0,0,0,4,0,0,0,0,0,0,0,0,0,0,0,0,0,0,0,0,3,0,0,2,0,0,0,0,0,0,0,0,0,0,0,0,0,0,0,0,0,0,0,0,0,0.5,1.5,0,0,0,0,0,0,0,0,0,0.5,4,0,0,0.5,0,0,0,7,0,0,0,0,0,0,0,0,0,0,0,0,0,0,0,0,0,0,0,0,0,0,0,0,33,0,0,0,0,0,0,0,1.5,0
2014,25,2,2,327,0,0,0,0,0,0,0,0,0,0,5,0,0,0,0,0,0,0,0,0,0,0,84,0,0,0,0,0,0,0,0,0,0,0,0,0,0,0,0,0,0,0,0,0,0,0,0,0,0,2,0,0,0,0,221,0,0,3,0,0,0,0,0,0,0,0,0,0,0,0,0,0,0,0,0,0,0,0,0,0,0,0,0,0,0,0,0,0,0,0,3,0,0,0,0,0,0,0,0,0,0,0,0,0,0,0,0,0,0,0,0,0,0,0,0,0,0,0,0,0,0,0,0,20,0,0,0,0,0,0,0,0,0
2014,25,3,2,141,0,0,0,0,0,0,0,0,0,4,43,0,0,0,0,0,0,4.5,0,0,0,0,53,0,0,0,0,0,0,0,0,0,0,0,0,0,0,6,5,0,0,0,0,0,0,0,0,0,0,0,0,0,0,0,63,0,0,0,0,0,0,0,0,0,0,15,0,0,0,0,0,0,0,0,142,0,0,0,0,0,0,0,0,0,0,0,0,0,0,0,0,0,0,0,0,0,0,0,0,0,0,0,0,20,0,0,22,0,0,0,0,0,0,0,0,0,0,0,0,0,0,0,0,1,0,0,0,0,0,0,0,0,0
2014,25,4,2,139,27,0,0,0,0,0,0,0,0,2,95,0,0,0,0,0,0,0.5,0,0,0,0,107,0,0,0,0,0,0,2,0,0,0,0,0,0,0,0,0,0,0,0,0,0,0,0,0,0,0,0,0,0,0,0,8,0,0,0,0,0,0,0,0,0,0,0,0,0,0,0,0,0,0,0,0,0,0,0,0,0,0,0,0,0,0,0,0,0,0,6,0,0,0,0,0,0,0.5,0,0,0,0,0,0,1,0,0,6,0,0,0,0,0,0,0,0,0,0,0,0,0,22,0,0,0,0,0,0,0,0,0,0,0,0
2014,25,5,2,9,11,0,0,0,0,0,0,0,0,0,99,0,0,0,0,0,0,3,0,0,0,0,9,0,0,0,0,0,0,0,0,0,0,0,0,0,0,0,0,0,0,0,0,0,0,0,0,0,0,0,0,0,0,0,0,0,0,0,0,0,0,0,0,0,0,0,0,0,0,0,0,0,0,0,0,0,0,0,0,0,0.5,0,0,0,0,0,0,0,0,1,0,0,0,0,0,0,42,0,0,0,0,0,0,2,0,0,0,0,0,0,0,0,0,0,0,0,0,0,0,0,0,0,0,0,0,0,4,0,0,0,0,0,0
2014,26,1,0,102,0.5,0,0,0,0,21,0,0,9.5,0,42,0,0,0,0,0,0,0,0,0,0,0,0,0,0,0,6,0,0,0,0.1,0,0,0,0,21,0,0,0,1.5,0,0.5,0,0,0,0,4,0,0,61,0,7,0,0,0,0,0,0,0,0,0,0,0,181,0,0,0,0,0,0,0,0,0.5,0,0,0,0,0,0,6,0,0,0,0,0,0,0,0,26,0,0,0,0,0,4,0,0,0,0,0,0,0,0,4,0,0,0,0.5,0,0,1,0,0,55,0,0,0,0,0,0,0,0,0,41,0,0,0,1,0,0,0,0,0
2014,26,2,0,299.5,7,0,0,0,0,38,0,0,6,0,62,0,0,2.1,0,0,0,14,0,0,0,0,117,0,0,0,0.5,0,0,0,0,0,0,0,0,0,0,0,0,0,0,0,0,0,11,0,1,0,0,0,23,4,0,0,0,0,0,0,0,0,0,0,0,60,0,56,0,0,0,0,0,0,0,0,274,0,0,0,0,0,5.5,0,0,0,0,0,0,0,0,0,0,0,0,0,0,0,0,0,0,0,0,0,0,0,2,0,0,0,0,0,0,0,0,0,0,17,0,0,0,0,19.5,84,0,0,0,0,0,0,0,0,0,0,0
2014,27,1,1,26,0,0,0,0,0,0,0,6,42,0,0,0,0,0,0,1,0,0,0,0,0,0,0,0,0,0,0,0,0,0,12,0,0,0,0,51,0,0,0,0,0,1.5,0,0,0,0,0,0,1,26,0,0,0,0,0,0,0,0,0,0,0,2,0,0,0,0,0,0,0,0,0,0,0,0,0,0,0,0,0,0,0,2,0,0,0,0,0,18,0,0,0,0,0,0,0,0,0,0,0,1,0,0,0,0,0,0,0,8,0,0,0,0,3,3,12,0,0,0,0,0,0,0,0,0,0,0,0,0,0,0,0,0,0
2014,27,2,1,177,0,0,0,0,0,0,0,8,6.5,0,45,0,0,0,0,0,0,0,0,0,0,0,0,0,0,0,25,0,0,0,4,0,0,0,0,3,0,0,0,0.5,0,2,0,2,0,0,12,0,0,11,24,0,0,0,18,0,0,0,0,0,0,0.5,0,0,0,0,0,0,0,0,0,0,0,0,0,0,0,0,0,0.5,0,0,0,0,190,0,2,0,0,0,0,1,0,0,0,0,1,0,0,1.5,0,0,3,0,0,0,0,11,0,0,0.5,19,3.5,0.5,30,0,0,0,0,0,0,0,0,105,0,0,0,0,0,0,0,0,0
2014,27,3,1,451,0,0,0,0,0,0,0,0,0,24,52,0,0,0,0,0,0,3,0,0,0,0,103,0,0,0,0,0,0,0,0,0,0,0,0,0,0,0,22,0,0,0,0,0,4,0,4,0,0,0,140,0,0,0,150,0,0,0,0,0,0,0,0,0,0,0,0,0,0,0,17,0,0,0,160,0,0,0,78,0,0,0,0,0,8,0,0,0,0,0,0,0,0,0,0,0,0,0,0,0,0,0,0,1,0,0,0,0,0,0,0,0,0,0,0,0,46,0,0,0,2,0,0,10,0,0,0,0,0,0,0,0,0
2014,28,1,2,44,0,0,0,0,0,0,0,0,22,0,0,0,0,0,0,0,0,0,0,0,5,9,0,0,0,0,0,0,0,0,0,0,0.5,0,0,0,0,0,0,6,0,1,0,0,0,0,0,0,0,33,0,0,0,0,0,0,0,0,0,0,0,0,0,0,0,0,0,0,0,0,0,0,0,0,0,0,0,0,0,0,0,0,0,0,0,0,0,0,0,0,0,0,0,0,1,0,0,0,2,0,0,0,0,1,0,0,0,0,0,0,0,0,0,0,0,0,0,3.5,0,0,0,0,0,11,0,0,0,0,0,0,0,0,0
2014,28,2,2,213,0,0,0,0,0,0,0,2,13.5,0,0,0,0,0,0,0,0,0,0,7,0,0,51,0,0,0,0,0,0,0,0,0,1,0,0,0,0,0,0,0,0,0,0,0,0,0.5,2,0,0,11,0,0,0,0,132,0,0,1,0,0,2,0,0,0,0,0,0,0,0,0,0,0,0,0,0,0,0,0,0,0,0,0,0,0,0,0,0,0,0,0,4.5,0,0,0,19,0,0,0,1,0,0,0,0.5,3,0,0,0,0,0,0,0,0,1,2,0,0,0,0.5,0,0,0,0,0,19,0,0,0,0,0,0,0,0,0
2014,28,3,2,200,0,0,0,0,0,0,0,0,0,1,101,0,0,3.5,0,0,0,11,0,0,4,0,43,0,0,0,0,0,0,7,0,0,7,0,0,0,0,0,0,0,0,0,0,0,40,0,2,0,0,0,8,1,0,0,117,0,0,0,0,0,0,0,0,0,0,0,9,0,0,0,7,0,0,0,65,0,0,0,0,0,0.5,0,0,0,43,0,0,0,0,0,3.5,0,0,0,0,0,5,0,0,0,0,0,0,0.5,0,0,0,1,0,0,0,0,0,0,0,0,0,0,0,0,16,3,0,3,0,0,0,0,0,0,12,0.1,0
2014,29,1,1,13.1,0.1,0,0,0,0,0,0,0,17,0,0,0,0,0,0,3,0,0,0,0,0,0,0,0,0,0,0,0,0,0,0,0,0,0,0,0,0,0,0,0,0,0,0,0,0,0,0,0,0,0,0,0,0,0,13.1,0,0,0,0,0,0,0,0,0,0,0,0,0,0,0,0,0,0,0,0,0,0,0,1,0,0,0,0,0,0,0,0,0,19,0,0,0,0,0,0,0,0,0,0,0,0,0,0,0,0,0,0,0,0,0,0,0,0,0,0,0,0,2,0,0,0,0,0,0,0,0,0,0,0,0,0,0,0
2014,29,2,1,114,0.5,0,0,0,0,0,0,0,0,0,17,0,0,0,0,0,0,0,0,0,0,0,0,0,0,0,0,0,0,0,0,0,0,0,0,185,0,0,0,0,0,0,0,0,0,0,0,0,0,0,97,0,0,0,17,0,0,0,0,0,0,0,0,0,0,0,0,0,0,0,0,0,0,0,0,0,0,0,0,0,0,0,0,0,0,0,0,0,3,0,0,0,0,0,0,0,0,0,0,0,0,0,0,0,0,0,0,0,0,0,0,0,0,0,0,0,0,0,0,0,0,0,0,0,0,0,0,0,0,0,0,0,0
2014,30,1,2,11,0,0,0,0,0,0,0,0,21,0,0,0,0,0,0,0,0,0,0,0,0,0,0,0,0,0.5,0,0,0,0,0,0,0,0,0,0,0,0,0,0,0,4,0,0,0,0,0,0,0,0,0,0,0,0,0,0,0,0,0,0,0,0,0,0,0,0,0,0,0,0,0,0,0,0,12,0,0,0,0,0,0,0,0,0,73,5,0,0,14,0,0,0,0,0,0,0,0,0,0,0,0,0,0,0,0,0,0,4,0,0,0,0,0,0,0,0,0,0,0,0,0,0,0,11,0,0,0,0,0,0,0,1.5,0
2014,30,2,2,166,0,0,0,0,0,0,0,0,1.5,0,0,0,0,0,0,0,0,0,0,0,0,0,12,0,0,0,0,0,0,0,0,0,0,0,0,0,0,0,0,0,0,1,0,0,0,0,0,0,0,9,53,0,0,0,68,0,0,0,0,0,0,0,0,0,0,0,0,0,0,0,0,0,0,0,0,0,0,0,13,0,0,0,0,0,72,0,0,0,0,0,0,0,0,0,0,0,0,0,0,0,0,0,0,0,0,0,0,0,0,0,0,0,0,0,0,0,0,0,0,0,0,0,0,24,0,0,0,0,0,0,0,2,0
2014,30,3,2,100,5.1,0,0,0,0,0,0,0,0,2.5,0,0,0,0,0,0,0,0,0,0,0,0,13,0,0,0,0,0,0,4,0,0,0,0,0,0,0,0,1,0,0,0,0,0,4,0,0,0,0,0,35,0,0,0,32.5,0,0,0,0,0,0,0,0,0,0,0,1,0,0,0,0,0,0,0,26,0,0,0,48,0,0,0,0,0,41,0,0,0,0,0,0,0,0,0,0,0,0,0,0,0,0,0,0,0,0,0,0,0,0,0,0,10,0,0,0,0,0,0,0,0,5,0,0,0,0,0,0,0,0,0,0,0,0
2014,30,4,2,145.1,9,0,0,0,0,0,0,1,0,7.1,0,0,0,0,0,0,0,0,0,0,0,0,50,0,0,0,0,0,0,0,0,0,0,0,0,0,0,0,6,0,0,0,0,0,0.5,0,0,0,0,0,52,7,0,0,0,0,0,2,0,0,0,0,0,0,0,0,30,0,0,0,3,0,0,0,38,0,0,0,57,0,0,0,0,0,92,0,0,0,0,0,0,0,6,0,0,0,0,0,0,0,0,0,0,0,1,0,0,0,0,0,0,0,0,0,0,0,0,0,0,0,0,0,0,0,0,0,0,0,0,0,0,0,0
2014,32,1,1,0,0,0,0,0,0,0,0,10,29,0,0,0,0,0,0,0,0,0,0,0,0,0,0,0,0,0,0,0,0.5,0,2,0,0,0,0,14,0,0,0,0.5,0,0,0,0,0,0,0,0,0,0,0,0,0,0,0,0,0,0,0,2,0,0,0,0,0,0,0,0,0,0,0,0,0,0,0,0,0,0,0,0,0,0,0,0,0,47,0,36,0,0,0,0,0,0,17,3,0,0,0,0,0,0,0,0,0,0,0,5,0,0,0,0,0,3,10,0,0,1,0,0,0,0,0,0,0,0,0,0,0,0,0,0,0
2014,32,2,1,0,0,0,0,0,0,0,0,2,3,0,0,0,0,0,0,0,0,0,0,0,0,0.5,0,0,0,0,0,0,0,0,8,0,0,0,0,15,0,0,0,0,0,1,0,0,0,0,0,0,0,0,0,0,0,0,0,0,15,0,0,0,0,0,0,0,0,0,0,0,0,0,0,0,0,0,0,0,0,0,0,0,0,0,0,0,0,0,0,233,0,0,0,0,0,0,18,0,0,19,0,0,0,0,0,0,0,0,0,0,0,0,0,0,0,0,27,0,0,0,0,0,0,0,0,0,0,0,0,0,0,0,0,0,0
2014,32,3,1,44,0,0,0,0,0,0,0,3,26,0,47,0,0,0,0,0,0,0,0,0,0,0,10,3,0,0,0,0,0,0,0,0,0,0,0,0,0,0,0,0,0,4,0,0,0,0,0,0,0,12,0,0,0,0,22,0,0,0,0,0,0,0,0,0,0,0,0,0,0,0,0,0,0,0,0,0,0,0,0,0,0,0,0,0,0,0,0,35,0,0,0,0,0,0,17.5,0,0,0,0,0,0,0,0,0,0,0,0,4,0,0,0,0,0,0,10,0,0,5,0,0,0,0,0,0,0,0,0,0,0,0,0,0,0
2014,152,1,2,39,0,0,0,0,0,0,0,0,38,0,0,0,0,0,0,0,0,0,0,0,0,0,0,0,0,0,0.5,0,0,0,0.5,0,0,0,0,0,0,0,0,0,0,0.5,0,0,0,0,0,0,0,20,0,0,0,0,0,0,0,0.5,0,0,0,0,1,0,0,0,0,0,0,0,0,0,0,0,0,0,0,0,0,0,0,0,0,0,0,0,8,0,6,0,0,0,0,0,0,0,0,0,0,0,0,0,0,0,0,0,0,0,0,0,0,0,0,1,0,0,0,0,0,0,0,0,0,19,0,0,0,0,0,0,0,0,0
2014,152,2,2,57.5,0,0,0,0,0,0,0,0,2.5,0,0,0,0,0,0,0,0,0,0,0,0,0,10,0,0,0,0,0,0,0,0,0,0,0,0,8,0,0,0,0,0,3.5,0,0,0,0,0,0,0,5.5,19,0,0,0,21,0,0,0.1,0,0,0,0,0,0,0,0,0,0,0,0,0,0,0,0,0,0,95,0,0,0,0,0,0,0,59,60,0,0,0,0,0,0,0,0,0,0,0,0,0,0,0,0,0,9,0,0,0,0,0,0,0,0,0,1,16.5,0,0,0,0,0,0,0,0,2,0,0,0,0,0,0,0,0,0